,Year,Month,Cost Centre,Account,Account Description,Account Type,Period,Day,Date,Amount
4050,2021,Nov,CC202,2000003,Property Expenses,Expense,11,1,2021-11-01,514.924
3576,2021,Jul,CC202,1000001,Licensing Revenue,Revenue,7,1,2021-07-01,699.906
292,2019,Mar,CC201,2000002,Technology Expenses,Expense,3,1,2019-03-01,453.516
1864,2020,Apr,CC302,2000001,Staff Expenses,Expense,4,1,2020-04-01,492.93
2055,2020,Jun,CC202,1000001,Licensing Revenue,Revenue,6,1,2020-06-01,998.773
165,2019,Feb,CC200,3000000,Cash at Bank,Asset,2,1,2019-02-01,864.032
2399,2020,Sep,CC201,2000003,Property Expenses,Expense,9,1,2020-09-01,799.718
724,2019,Jul,CC101,3000000,Cash at Bank,Asset,7,1,2019-07-01,92.292
2086,2020,Jun,CC301,2000002,Technology Expenses,Expense,6,1,2020-06-01,252.703
1763,2020,Apr,CC100,2000005,Purchases,Expense,4,1,2020-04-01,473.813
2890,2021,Jan,CC300,2000000,Cost of Good Sold,Expense,1,1,2021-01-01,228.314
1421,2020,Jan,CC101,2000000,Cost of Good Sold,Expense,1,1,2020-01-01,1439.671
1524,2020,Feb,CC100,1000004,Fee Revenue,Revenue,2,1,2020-02-01,430.022
3052,2021,Mar,CC100,3000001,Inventory,Asset,3,1,2021-03-01,914.032
3705,2021,Aug,CC300,1000000,Product Sales,Revenue,8,1,2021-08-01,640.485
3847,2021,Sep,CC301,4000001,Accounts Payable,Liability,9,1,2021-09-01,810.0
1704,2020,Mar,CC202,1000001,Licensing Revenue,Revenue,3,1,2020-03-01,554.101
2754,2020,Dec,CC201,3000002,Accounts Receivable,Asset,12,1,2020-12-01,402.526
369,2019,Apr,CC101,2000001,Staff Expenses,Expense,4,1,2019-04-01,477.585
3003,2021,Feb,CC300,1000000,Product Sales,Revenue,2,1,2021-02-01,488.339
3399,2021,Jun,CC100,2000002,Technology Expenses,Expense,6,1,2021-06-01,471.429
580,2019,May,CC302,2000005,Purchases,Expense,5,1,2019-05-01,570.134
3090,2021,Mar,CC200,3000000,Cash at Bank,Asset,3,1,2021-03-01,-110.977
2832,2021,Jan,CC101,3000002,Accounts Receivable,Asset,1,1,2021-01-01,485.568
1049,2019,Sep,CC302,3000000,Cash at Bank,Asset,9,1,2019-09-01,251.662
255,2019,Mar,CC101,2000005,Purchases,Expense,3,1,2019-03-01,612.318
3922,2021,Oct,CC201,3000000,Cash at Bank,Asset,10,1,2021-10-01,-432.55
2542,2020,Oct,CC300,2000003,Property Expenses,Expense,10,1,2020-10-01,272.02
3648,2021,Aug,CC101,2000005,Purchases,Expense,8,1,2021-08-01,283.877
1751,2020,Mar,CC302,3000000,Cash at Bank,Asset,3,1,2020-03-01,-215.822
350,2019,Mar,CC302,4000001,Accounts Payable,Liability,3,1,2019-03-01,604.0
3634,2021,Aug,CC100,2000003,Property Expenses,Expense,8,1,2021-08-01,343.057
3000,2021,Feb,CC202,3000001,Inventory,Asset,2,1,2021-02-01,951.605
2545,2020,Oct,CC300,3000001,Inventory,Asset,10,1,2020-10-01,767.705
1309,2019,Dec,CC101,3000000,Cash at Bank,Asset,12,1,2019-12-01,-309.201
3105,2021,Mar,CC201,3000002,Accounts Receivable,Asset,3,1,2021-03-01,1113.901
3480,2021,Jun,CC300,3000000,Cash at Bank,Asset,6,1,2021-06-01,-715.981
1682,2020,Mar,CC200,2000001,Staff Expenses,Expense,3,1,2020-03-01,598.48
889,2019,Aug,CC202,2000001,Staff Expenses,Expense,8,1,2019-08-01,585.905
2580,2020,Nov,CC100,2000002,Technology Expenses,Expense,11,1,2020-11-01,440.729
1051,2019,Sep,CC302,3000002,Accounts Receivable,Asset,9,1,2019-09-01,295.66
3854,2021,Sep,CC302,2000002,Technology Expenses,Expense,9,1,2021-09-01,381.305
1879,2020,May,CC100,2000003,Property Expenses,Expense,5,1,2020-05-01,530.43
1928,2020,May,CC201,2000000,Cost of Good Sold,Expense,5,1,2020-05-01,94.159
1441,2020,Jan,CC102,3000002,Accounts Receivable,Asset,1,1,2020-01-01,164.057
1947,2020,May,CC202,3000001,Inventory,Asset,5,1,2020-05-01,817.746
1971,2020,May,CC301,2000005,Purchases,Expense,5,1,2020-05-01,642.138
924,2019,Aug,CC302,1000001,Licensing Revenue,Revenue,8,1,2019-08-01,415.161
2316,2020,Aug,CC301,1000002,Service Revenue,Revenue,8,1,2020-08-01,941.852
1552,2020,Feb,CC102,2000001,Staff Expenses,Expense,2,1,2020-02-01,235.161
1431,2020,Jan,CC102,1000001,Licensing Revenue,Revenue,1,1,2020-01-01,822.331
1830,2020,Apr,CC202,3000001,Inventory,Asset,4,1,2020-04-01,868.694
2959,2021,Feb,CC102,2000005,Purchases,Expense,2,1,2021-02-01,325.444
2521,2020,Oct,CC201,4000001,Accounts Payable,Liability,10,1,2020-10-01,800.0
3694,2021,Aug,CC202,1000002,Service Revenue,Revenue,8,1,2021-08-01,848.745
570,2019,May,CC301,3000002,Accounts Receivable,Asset,5,1,2019-05-01,558.286
3730,2021,Aug,CC301,4000001,Accounts Payable,Liability,8,1,2021-08-01,194.0
2699,2020,Dec,CC100,2000005,Purchases,Expense,12,1,2020-12-01,780.704
326,2019,Mar,CC301,1000001,Licensing Revenue,Revenue,3,1,2019-03-01,509.211
2324,2020,Aug,CC301,3000001,Inventory,Asset,8,1,2020-08-01,642.032
1079,2019,Oct,CC102,1000000,Product Sales,Revenue,10,1,2019-10-01,748.684
4047,2021,Nov,CC202,2000000,Cost of Good Sold,Expense,11,1,2021-11-01,1000.425
1217,2019,Nov,CC200,2000005,Purchases,Expense,11,1,2019-11-01,292.378
1669,2020,Mar,CC102,2000001,Staff Expenses,Expense,3,1,2020-03-01,393.845
2323,2020,Aug,CC301,3000000,Cash at Bank,Asset,8,1,2020-08-01,530.434
90,2019,Jan,CC300,4000001,Accounts Payable,Liability,1,1,2019-01-01,-392.0
1258,2019,Nov,CC300,3000001,Inventory,Asset,11,1,2019-11-01,666.209
1510,2020,Jan,CC302,1000002,Service Revenue,Revenue,1,1,2020-01-01,316.716
390,2019,Apr,CC200,1000000,Product Sales,Revenue,4,1,2019-04-01,1113.095
2129,2020,Jul,CC101,3000001,Inventory,Asset,7,1,2020-07-01,674.185
491,2019,May,CC101,3000001,Inventory,Asset,5,1,2019-05-01,731.374
3557,2021,Jul,CC200,2000005,Purchases,Expense,7,1,2021-07-01,553.456
3095,2021,Mar,CC201,1000001,Licensing Revenue,Revenue,3,1,2021-03-01,520.283
3960,2021,Oct,CC301,2000005,Purchases,Expense,10,1,2021-10-01,466.101
3886,2021,Oct,CC101,4000001,Accounts Payable,Liability,10,1,2021-10-01,1014.0
769,2019,Jul,CC202,1000002,Service Revenue,Revenue,7,1,2019-07-01,763.977
1266,2019,Nov,CC301,2000001,Staff Expenses,Expense,11,1,2019-11-01,533.884
3653,2021,Aug,CC102,1000000,Product Sales,Revenue,8,1,2021-08-01,653.639
652,2019,Jun,CC202,1000002,Service Revenue,Revenue,6,1,2019-06-01,790.537
132,2019,Feb,CC101,1000002,Service Revenue,Revenue,2,1,2019-02-01,646.698
1781,2020,Apr,CC102,1000000,Product Sales,Revenue,4,1,2020-04-01,1062.007
910,2019,Aug,CC301,1000000,Product Sales,Revenue,8,1,2019-08-01,318.381
1966,2020,May,CC301,1000004,Fee Revenue,Revenue,5,1,2020-05-01,535.729
1114,2019,Oct,CC201,3000000,Cash at Bank,Asset,10,1,2019-10-01,-352.573
3899,2021,Oct,CC102,4000001,Accounts Payable,Liability,10,1,2021-10-01,-806.0
3639,2021,Aug,CC100,4000001,Accounts Payable,Liability,8,1,2021-08-01,-200.0
2275,2020,Aug,CC201,1000000,Product Sales,Revenue,8,1,2020-08-01,1187.589
4106,2021,Dec,CC100,3000002,Accounts Receivable,Asset,12,1,2021-12-01,625.402
336,2019,Mar,CC301,3000002,Accounts Receivable,Asset,3,1,2019-03-01,527.696
1624,2020,Feb,CC301,4000001,Accounts Payable,Liability,2,1,2020-02-01,2.0
364,2019,Apr,CC101,1000000,Product Sales,Revenue,4,1,2019-04-01,505.747
2725,2020,Dec,CC102,2000005,Purchases,Expense,12,1,2020-12-01,650.754
2504,2020,Oct,CC200,2000005,Purchases,Expense,10,1,2020-10-01,796.395
696,2019,Jun,CC302,2000003,Property Expenses,Expense,6,1,2019-06-01,181.936
2028,2020,Jun,CC200,1000000,Product Sales,Revenue,6,1,2020-06-01,889.853
3500,2021,Jun,CC302,1000004,Fee Revenue,Revenue,6,1,2021-06-01,629.752
1850,2020,Apr,CC301,2000000,Cost of Good Sold,Expense,4,1,2020-04-01,482.286
946,2019,Sep,CC100,3000001,Inventory,Asset,9,1,2019-09-01,679.1
2328,2020,Aug,CC302,1000001,Licensing Revenue,Revenue,8,1,2020-08-01,416.702
3978,2021,Nov,CC100,1000000,Product Sales,Revenue,11,1,2021-11-01,1583.034
3130,2021,Mar,CC300,3000001,Inventory,Asset,3,1,2021-03-01,935.511
3537,2021,Jul,CC102,1000001,Licensing Revenue,Revenue,7,1,2021-07-01,912.145
4138,2021,Dec,CC200,2000000,Cost of Good Sold,Expense,12,1,2021-12-01,522.515
3982,2021,Nov,CC100,2000000,Cost of Good Sold,Expense,11,1,2021-11-01,1001.005
2311,2020,Aug,CC300,3000001,Inventory,Asset,8,1,2020-08-01,828.346
33,2019,Jan,CC102,2000003,Property Expenses,Expense,1,1,2019-01-01,454.857
2222,2020,Jul,CC302,4000001,Accounts Payable,Liability,7,1,2020-07-01,-806.0
3068,2021,Mar,CC102,1000000,Product Sales,Revenue,3,1,2021-03-01,669.506
3754,2021,Sep,CC100,3000001,Inventory,Asset,9,1,2021-09-01,686.097
2010,2020,Jun,CC101,2000005,Purchases,Expense,6,1,2020-06-01,134.301
2581,2020,Nov,CC100,2000003,Property Expenses,Expense,11,1,2020-11-01,614.561
955,2019,Sep,CC101,2000002,Technology Expenses,Expense,9,1,2019-09-01,285.511
3089,2021,Mar,CC200,2000005,Purchases,Expense,3,1,2021-03-01,433.734
3572,2021,Jul,CC201,3000001,Inventory,Asset,7,1,2021-07-01,763.978
589,2019,Jun,CC100,2000000,Cost of Good Sold,Expense,6,1,2019-06-01,389.233
3914,2021,Oct,CC201,1000001,Licensing Revenue,Revenue,10,1,2021-10-01,156.561
3057,2021,Mar,CC101,1000002,Service Revenue,Revenue,3,1,2021-03-01,822.564
2070,2020,Jun,CC300,1000004,Fee Revenue,Revenue,6,1,2020-06-01,324.668
281,2019,Mar,CC200,2000005,Purchases,Expense,3,1,2019-03-01,452.215
1456,2020,Jan,CC201,1000000,Product Sales,Revenue,1,1,2020-01-01,2310.807
3657,2021,Aug,CC102,2000000,Cost of Good Sold,Expense,8,1,2021-08-01,325.152
2301,2020,Aug,CC300,1000000,Product Sales,Revenue,8,1,2020-08-01,640.485
918,2019,Aug,CC301,2000005,Purchases,Expense,8,1,2019-08-01,334.527
3655,2021,Aug,CC102,1000002,Service Revenue,Revenue,8,1,2021-08-01,396.592
4089,2021,Nov,CC302,2000003,Property Expenses,Expense,11,1,2021-11-01,261.491
3622,2021,Jul,CC302,2000005,Purchases,Expense,7,1,2021-07-01,86.224
1790,2020,Apr,CC102,3000000,Cash at Bank,Asset,4,1,2020-04-01,-105.465
2402,2020,Sep,CC201,3000001,Inventory,Asset,9,1,2020-09-01,625.124
3971,2021,Oct,CC302,2000002,Technology Expenses,Expense,10,1,2021-10-01,104.007
4192,2021,Dec,CC301,2000002,Technology Expenses,Expense,12,1,2021-12-01,327.478
1505,2020,Jan,CC301,3000001,Inventory,Asset,1,1,2020-01-01,1002.0
894,2019,Aug,CC202,3000001,Inventory,Asset,8,1,2019-08-01,697.31
1605,2020,Feb,CC300,2000002,Technology Expenses,Expense,2,1,2020-02-01,402.044
3844,2021,Sep,CC301,3000000,Cash at Bank,Asset,9,1,2021-09-01,318.641
1932,2020,May,CC201,2000005,Purchases,Expense,5,1,2020-05-01,113.882
1486,2020,Jan,CC300,2000000,Cost of Good Sold,Expense,1,1,2020-01-01,96.36
2782,2020,Dec,CC301,1000000,Product Sales,Revenue,12,1,2020-12-01,1248.39
2489,2020,Oct,CC102,2000002,Technology Expenses,Expense,10,1,2020-10-01,163.132
1244,2019,Nov,CC202,3000000,Cash at Bank,Asset,11,1,2019-11-01,622.542
1692,2020,Mar,CC201,1000002,Service Revenue,Revenue,3,1,2020-03-01,1172.837
1637,2020,Feb,CC302,4000001,Accounts Payable,Liability,2,1,2020-02-01,-1004.0
1632,2020,Feb,CC302,2000003,Property Expenses,Expense,2,1,2020-02-01,381.56
201,2019,Feb,CC300,2000002,Technology Expenses,Expense,2,1,2019-02-01,319.042
4109,2021,Dec,CC101,1000001,Licensing Revenue,Revenue,12,1,2021-12-01,1051.526
2410,2020,Sep,CC202,2000001,Staff Expenses,Expense,9,1,2020-09-01,514.467
302,2019,Mar,CC202,1000004,Fee Revenue,Revenue,3,1,2019-03-01,741.885
990,2019,Sep,CC201,1000002,Service Revenue,Revenue,9,1,2019-09-01,1698.786
928,2019,Aug,CC302,2000001,Staff Expenses,Expense,8,1,2019-08-01,284.201
318,2019,Mar,CC300,2000002,Technology Expenses,Expense,3,1,2019-03-01,427.042
960,2019,Sep,CC101,3000002,Accounts Receivable,Asset,9,1,2019-09-01,159.526
1545,2020,Feb,CC101,3000002,Accounts Receivable,Asset,2,1,2020-02-01,211.64
1978,2020,May,CC302,1000002,Service Revenue,Revenue,5,1,2020-05-01,849.243
850,2019,Aug,CC102,2000001,Staff Expenses,Expense,8,1,2019-08-01,279.081
824,2019,Aug,CC100,2000001,Staff Expenses,Expense,8,1,2019-08-01,486.406
2392,2020,Sep,CC201,1000000,Product Sales,Revenue,9,1,2020-09-01,1364.293
3390,2021,May,CC302,3000001,Inventory,Asset,5,1,2021-05-01,829.892
3164,2021,Apr,CC100,2000001,Staff Expenses,Expense,4,1,2021-04-01,643.968
2439,2020,Sep,CC301,2000005,Purchases,Expense,9,1,2020-09-01,561.95
3796,2021,Sep,CC201,1000000,Product Sales,Revenue,9,1,2021-09-01,1370.767
3505,2021,Jun,CC302,2000005,Purchases,Expense,6,1,2021-06-01,137.721
243,2019,Mar,CC100,3000000,Cash at Bank,Asset,3,1,2019-03-01,-400.473
573,2019,May,CC302,1000001,Licensing Revenue,Revenue,5,1,2019-05-01,616.769
3790,2021,Sep,CC200,2000003,Property Expenses,Expense,9,1,2021-09-01,476.086
1372,2019,Dec,CC300,2000003,Property Expenses,Expense,12,1,2019-12-01,493.697
368,2019,Apr,CC101,2000000,Cost of Good Sold,Expense,4,1,2019-04-01,414.37
3326,2021,May,CC200,3000002,Accounts Receivable,Asset,5,1,2021-05-01,624.002
1741,2020,Mar,CC301,4000001,Accounts Payable,Liability,3,1,2020-03-01,-800.0
3316,2021,May,CC200,1000001,Licensing Revenue,Revenue,5,1,2021-05-01,481.151
4166,2021,Dec,CC202,2000002,Technology Expenses,Expense,12,1,2021-12-01,376.916
79,2019,Jan,CC300,1000001,Licensing Revenue,Revenue,1,1,2019-01-01,657.558
3747,2021,Sep,CC100,1000004,Fee Revenue,Revenue,9,1,2021-09-01,670.077
1667,2020,Mar,CC102,1000004,Fee Revenue,Revenue,3,1,2020-03-01,484.296
1970,2020,May,CC301,2000003,Property Expenses,Expense,5,1,2020-05-01,563.783
3192,2021,Apr,CC102,2000003,Property Expenses,Expense,4,1,2021-04-01,446.403
118,2019,Feb,CC100,1000001,Licensing Revenue,Revenue,2,1,2019-02-01,398.591
1198,2019,Nov,CC102,1000002,Service Revenue,Revenue,11,1,2019-11-01,685.567
417,2019,Apr,CC202,1000001,Licensing Revenue,Revenue,4,1,2019-04-01,550.359
1470,2020,Jan,CC202,1000001,Licensing Revenue,Revenue,1,1,2020-01-01,728.161
291,2019,Mar,CC201,2000001,Staff Expenses,Expense,3,1,2019-03-01,687.531
2820,2021,Jan,CC100,4000001,Accounts Payable,Liability,1,1,2021-01-01,808.0
4149,2021,Dec,CC201,1000002,Service Revenue,Revenue,12,1,2021-12-01,977.115
1562,2020,Feb,CC200,1000002,Service Revenue,Revenue,2,1,2020-02-01,1400.749
2644,2020,Nov,CC202,2000001,Staff Expenses,Expense,11,1,2020-11-01,499.792
4190,2021,Dec,CC301,2000000,Cost of Good Sold,Expense,12,1,2021-12-01,792.35
1606,2020,Feb,CC300,2000003,Property Expenses,Expense,2,1,2020-02-01,523.5
953,2019,Sep,CC101,2000000,Cost of Good Sold,Expense,9,1,2019-09-01,449.605
991,2019,Sep,CC201,1000004,Fee Revenue,Revenue,9,1,2019-09-01,581.702
1634,2020,Feb,CC302,3000000,Cash at Bank,Asset,2,1,2020-02-01,-310.6
1661,2020,Mar,CC101,3000001,Inventory,Asset,3,1,2020-03-01,878.259
1791,2020,Apr,CC102,3000001,Inventory,Asset,4,1,2020-04-01,867.941
547,2019,May,CC300,1000001,Licensing Revenue,Revenue,5,1,2019-05-01,568.676
3429,2021,Jun,CC102,3000001,Inventory,Asset,6,1,2021-06-01,761.726
634,2019,Jun,CC200,3000001,Inventory,Asset,6,1,2019-06-01,789.653
787,2019,Jul,CC300,2000003,Property Expenses,Expense,7,1,2019-07-01,168.911
672,2019,Jun,CC300,3000000,Cash at Bank,Asset,6,1,2019-06-01,-705.686
1996,2020,Jun,CC100,2000003,Property Expenses,Expense,6,1,2020-06-01,631.478
1389,2019,Dec,CC301,3000002,Accounts Receivable,Asset,12,1,2019-12-01,400.442
1157,2019,Oct,CC302,1000000,Product Sales,Revenue,10,1,2019-10-01,271.939
143,2019,Feb,CC102,1000000,Product Sales,Revenue,2,1,2019-02-01,533.638
511,2019,May,CC200,2000000,Cost of Good Sold,Expense,5,1,2019-05-01,471.524
726,2019,Jul,CC101,3000002,Accounts Receivable,Asset,7,1,2019-07-01,82.708
2178,2020,Jul,CC202,2000003,Property Expenses,Expense,7,1,2020-07-01,395.332
2108,2020,Jul,CC100,1000002,Service Revenue,Revenue,7,1,2020-07-01,789.826
3667,2021,Aug,CC200,1000001,Licensing Revenue,Revenue,8,1,2021-08-01,126.97
257,2019,Mar,CC101,3000001,Inventory,Asset,3,1,2019-03-01,855.18
179,2019,Feb,CC201,3000001,Inventory,Asset,2,1,2019-02-01,894.707
3681,2021,Aug,CC201,1000002,Service Revenue,Revenue,8,1,2021-08-01,1321.919
1229,2019,Nov,CC201,2000003,Property Expenses,Expense,11,1,2019-11-01,466.554
2143,2020,Jul,CC102,3000002,Accounts Receivable,Asset,7,1,2020-07-01,814.347
464,2019,Apr,CC302,3000000,Cash at Bank,Asset,4,1,2019-04-01,-490.935
3761,2021,Sep,CC101,2000000,Cost of Good Sold,Expense,9,1,2021-09-01,476.819
779,2019,Jul,CC202,4000001,Accounts Payable,Liability,7,1,2019-07-01,-592.0
3526,2021,Jul,CC101,1000004,Fee Revenue,Revenue,7,1,2021-07-01,316.365
2319,2020,Aug,CC301,2000001,Staff Expenses,Expense,8,1,2020-08-01,494.243
2774,2020,Dec,CC300,2000001,Staff Expenses,Expense,12,1,2020-12-01,608.637
1333,2019,Dec,CC200,2000003,Property Expenses,Expense,12,1,2019-12-01,144.934
3596,2021,Jul,CC300,2000005,Purchases,Expense,7,1,2021-07-01,217.814
3949,2021,Oct,CC300,3000001,Inventory,Asset,10,1,2021-10-01,767.195
3441,2021,Jun,CC200,3000000,Cash at Bank,Asset,6,1,2021-06-01,-422.194
1631,2020,Feb,CC302,2000002,Technology Expenses,Expense,2,1,2020-02-01,168.586
3391,2021,May,CC302,3000002,Accounts Receivable,Asset,5,1,2021-05-01,37.137
4130,2021,Dec,CC102,3000000,Cash at Bank,Asset,12,1,2021-12-01,384.508
428,2019,Apr,CC202,4000001,Accounts Payable,Liability,4,1,2019-04-01,-980.0
4026,2021,Nov,CC200,3000000,Cash at Bank,Asset,11,1,2021-11-01,58.745
3858,2021,Sep,CC302,3000001,Inventory,Asset,9,1,2021-09-01,717.056
795,2019,Jul,CC301,1000002,Service Revenue,Revenue,7,1,2019-07-01,1995.795
3331,2021,May,CC201,1000004,Fee Revenue,Revenue,5,1,2021-05-01,310.593
1106,2019,Oct,CC201,1000001,Licensing Revenue,Revenue,10,1,2019-10-01,217.78
3154,2021,Mar,CC302,2000005,Purchases,Expense,3,1,2021-03-01,747.548
205,2019,Feb,CC300,3000001,Inventory,Asset,2,1,2019-02-01,961.637
2924,2021,Jan,CC302,4000001,Accounts Payable,Liability,1,1,2021-01-01,-1020.0
2014,2020,Jun,CC101,4000001,Accounts Payable,Liability,6,1,2020-06-01,-998.0
4043,2021,Nov,CC202,1000000,Product Sales,Revenue,11,1,2021-11-01,1286.191
3731,2021,Aug,CC302,1000000,Product Sales,Revenue,8,1,2021-08-01,317.214
389,2019,Apr,CC102,4000001,Accounts Payable,Liability,4,1,2019-04-01,608.0
1703,2020,Mar,CC202,1000000,Product Sales,Revenue,3,1,2020-03-01,742.242
2303,2020,Aug,CC300,1000002,Service Revenue,Revenue,8,1,2020-08-01,1145.75
3838,2021,Sep,CC301,1000004,Fee Revenue,Revenue,9,1,2021-09-01,463.671
2826,2021,Jan,CC101,2000001,Staff Expenses,Expense,1,1,2021-01-01,781.699
1391,2019,Dec,CC302,1000000,Product Sales,Revenue,12,1,2019-12-01,1194.59
1006,2019,Sep,CC202,2000001,Staff Expenses,Expense,9,1,2019-09-01,576.61
1430,2020,Jan,CC102,1000000,Product Sales,Revenue,1,1,2020-01-01,527.473
2947,2021,Feb,CC101,3000000,Cash at Bank,Asset,2,1,2021-02-01,-83.718
2434,2020,Sep,CC301,1000004,Fee Revenue,Revenue,9,1,2020-09-01,589.047
740,2019,Jul,CC102,4000001,Accounts Payable,Liability,7,1,2019-07-01,-984.0
4182,2021,Dec,CC300,3000000,Cash at Bank,Asset,12,1,2021-12-01,-492.546
60,2019,Jan,CC201,2000005,Purchases,Expense,1,1,2019-01-01,974.798
3849,2021,Sep,CC302,1000001,Licensing Revenue,Revenue,9,1,2021-09-01,247.606
46,2019,Jan,CC200,2000003,Property Expenses,Expense,1,1,2019-01-01,589.561
842,2019,Aug,CC101,3000001,Inventory,Asset,8,1,2019-08-01,663.55
586,2019,Jun,CC100,1000001,Licensing Revenue,Revenue,6,1,2019-06-01,584.871
3845,2021,Sep,CC301,3000001,Inventory,Asset,9,1,2021-09-01,595.802
2045,2020,Jun,CC201,2000000,Cost of Good Sold,Expense,6,1,2020-06-01,780.436
1132,2019,Oct,CC300,1000001,Licensing Revenue,Revenue,10,1,2019-10-01,234.477
1797,2020,Apr,CC200,1000004,Fee Revenue,Revenue,4,1,2020-04-01,889.92
3488,2021,Jun,CC301,2000000,Cost of Good Sold,Expense,6,1,2021-06-01,495.985
998,2019,Sep,CC201,3000001,Inventory,Asset,9,1,2019-09-01,614.872
63,2019,Jan,CC201,3000002,Accounts Receivable,Asset,1,1,2019-01-01,881.297
462,2019,Apr,CC302,2000003,Property Expenses,Expense,4,1,2019-04-01,415.687
2264,2020,Aug,CC200,1000002,Service Revenue,Revenue,8,1,2020-08-01,556.092
1128,2019,Oct,CC202,3000001,Inventory,Asset,10,1,2019-10-01,546.095
4171,2021,Dec,CC202,3000002,Accounts Receivable,Asset,12,1,2021-12-01,346.971
804,2019,Jul,CC301,3000002,Accounts Receivable,Asset,7,1,2019-07-01,699.634
988,2019,Sep,CC201,1000000,Product Sales,Revenue,9,1,2019-09-01,1321.609
76,2019,Jan,CC202,3000002,Accounts Receivable,Asset,1,1,2019-01-01,217.414
3726,2021,Aug,CC301,2000005,Purchases,Expense,8,1,2021-08-01,354.042
107,2019,Jan,CC302,1000004,Fee Revenue,Revenue,1,1,2019-01-01,555.725
2640,2020,Nov,CC202,1000001,Licensing Revenue,Revenue,11,1,2020-11-01,614.488
301,2019,Mar,CC202,1000002,Service Revenue,Revenue,3,1,2019-03-01,743.004
1489,2020,Jan,CC300,2000003,Property Expenses,Expense,1,1,2020-01-01,251.472
2592,2020,Nov,CC101,2000001,Staff Expenses,Expense,11,1,2020-11-01,580.637
2630,2020,Nov,CC201,2000000,Cost of Good Sold,Expense,11,1,2020-11-01,800.711
1627,2020,Feb,CC302,1000002,Service Revenue,Revenue,2,1,2020-02-01,244.267
3215,2021,Apr,CC201,2000000,Cost of Good Sold,Expense,4,1,2021-04-01,402.363
719,2019,Jul,CC101,2000000,Cost of Good Sold,Expense,7,1,2019-07-01,474.566
1260,2019,Nov,CC300,4000001,Accounts Payable,Liability,11,1,2019-11-01,204.0
3227,2021,Apr,CC202,1000004,Fee Revenue,Revenue,4,1,2021-04-01,702.319
116,2019,Jan,CC302,4000001,Accounts Payable,Liability,1,1,2019-01-01,-788.0
531,2019,May,CC201,3000002,Accounts Receivable,Asset,5,1,2019-05-01,393.697
2158,2020,Jul,CC201,1000000,Product Sales,Revenue,7,1,2020-07-01,526.018
3448,2021,Jun,CC201,1000004,Fee Revenue,Revenue,6,1,2021-06-01,727.473
2621,2020,Nov,CC200,2000005,Purchases,Expense,11,1,2020-11-01,232.499
2294,2020,Aug,CC202,2000002,Technology Expenses,Expense,8,1,2020-08-01,367.264
2912,2021,Jan,CC302,1000000,Product Sales,Revenue,1,1,2021-01-01,450.614
2664,2020,Nov,CC300,4000001,Accounts Payable,Liability,11,1,2020-11-01,202.0
192,2019,Feb,CC202,3000001,Inventory,Asset,2,1,2019-02-01,922.115
219,2019,Feb,CC301,3000002,Accounts Receivable,Asset,2,1,2019-02-01,572.657
4032,2021,Nov,CC201,1000002,Service Revenue,Revenue,11,1,2021-11-01,645.095
1863,2020,Apr,CC302,2000000,Cost of Good Sold,Expense,4,1,2020-04-01,76.584
2639,2020,Nov,CC202,1000000,Product Sales,Revenue,11,1,2020-11-01,1228.154
694,2019,Jun,CC302,2000001,Staff Expenses,Expense,6,1,2019-06-01,169.884
3407,2021,Jun,CC101,1000001,Licensing Revenue,Revenue,6,1,2021-06-01,559.223
1386,2019,Dec,CC301,2000005,Purchases,Expense,12,1,2019-12-01,735.717
2423,2020,Sep,CC300,2000001,Staff Expenses,Expense,9,1,2020-09-01,47.596
1184,2019,Nov,CC101,1000001,Licensing Revenue,Revenue,11,1,2019-11-01,585.752
3423,2021,Jun,CC102,2000000,Cost of Good Sold,Expense,6,1,2021-06-01,607.223
3180,2021,Apr,CC101,2000005,Purchases,Expense,4,1,2021-04-01,482.136
2304,2020,Aug,CC300,1000004,Fee Revenue,Revenue,8,1,2020-08-01,924.254
4202,2021,Dec,CC302,1000004,Fee Revenue,Revenue,12,1,2021-12-01,1020.545
2043,2020,Jun,CC201,1000002,Service Revenue,Revenue,6,1,2020-06-01,1271.352
268,2019,Mar,CC102,2000005,Purchases,Expense,3,1,2019-03-01,347.054
2065,2020,Jun,CC202,3000002,Accounts Receivable,Asset,6,1,2020-06-01,247.681
3760,2021,Sep,CC101,1000004,Fee Revenue,Revenue,9,1,2021-09-01,418.79
3801,2021,Sep,CC201,2000001,Staff Expenses,Expense,9,1,2021-09-01,1108.641
3690,2021,Aug,CC201,3000002,Accounts Receivable,Asset,8,1,2021-08-01,852.07
697,2019,Jun,CC302,2000005,Purchases,Expense,6,1,2019-06-01,177.263
1972,2020,May,CC301,3000000,Cash at Bank,Asset,5,1,2020-05-01,464.494
40,2019,Jan,CC200,1000001,Licensing Revenue,Revenue,1,1,2019-01-01,588.279
1665,2020,Mar,CC102,1000001,Licensing Revenue,Revenue,3,1,2020-03-01,700.914
2582,2020,Nov,CC100,2000005,Purchases,Expense,11,1,2020-11-01,1037.681
142,2019,Feb,CC101,4000001,Accounts Payable,Liability,2,1,2019-02-01,-596.0
1471,2020,Jan,CC202,1000002,Service Revenue,Revenue,1,1,2020-01-01,529.616
4117,2021,Dec,CC101,3000000,Cash at Bank,Asset,12,1,2021-12-01,-185.612
155,2019,Feb,CC102,4000001,Accounts Payable,Liability,2,1,2019-02-01,-590.0
1251,2019,Nov,CC300,1000004,Fee Revenue,Revenue,11,1,2019-11-01,407.336
2409,2020,Sep,CC202,2000000,Cost of Good Sold,Expense,9,1,2020-09-01,661.929
3499,2021,Jun,CC302,1000002,Service Revenue,Revenue,6,1,2021-06-01,304.6
2555,2020,Oct,CC301,2000003,Property Expenses,Expense,10,1,2020-10-01,593.04
3717,2021,Aug,CC300,4000001,Accounts Payable,Liability,8,1,2021-08-01,-4.0
204,2019,Feb,CC300,3000000,Cash at Bank,Asset,2,1,2019-02-01,-140.727
359,2019,Apr,CC100,2000005,Purchases,Expense,4,1,2019-04-01,398.3
149,2019,Feb,CC102,2000002,Technology Expenses,Expense,2,1,2019-02-01,183.951
3470,2021,Jun,CC202,4000001,Accounts Payable,Liability,6,1,2021-06-01,-1020.0
2887,2021,Jan,CC300,1000001,Licensing Revenue,Revenue,1,1,2021-01-01,669.523
3565,2021,Jul,CC201,1000004,Fee Revenue,Revenue,7,1,2021-07-01,396.634
1063,2019,Oct,CC100,3000001,Inventory,Asset,10,1,2019-10-01,663.398
4154,2021,Dec,CC201,2000003,Property Expenses,Expense,12,1,2021-12-01,629.767
445,2019,Apr,CC301,1000004,Fee Revenue,Revenue,4,1,2019-04-01,880.697
2211,2020,Jul,CC302,1000001,Licensing Revenue,Revenue,7,1,2020-07-01,413.609
3335,2021,May,CC201,2000003,Property Expenses,Expense,5,1,2021-05-01,249.561
564,2019,May,CC301,2000001,Staff Expenses,Expense,5,1,2019-05-01,669.915
3325,2021,May,CC200,3000001,Inventory,Asset,5,1,2021-05-01,843.77
643,2019,Jun,CC201,2000002,Technology Expenses,Expense,6,1,2019-06-01,417.729
3182,2021,Apr,CC101,3000001,Inventory,Asset,4,1,2021-04-01,838.355
2451,2020,Sep,CC302,2000003,Property Expenses,Expense,9,1,2020-09-01,424.236
1761,2020,Apr,CC100,2000002,Technology Expenses,Expense,4,1,2020-04-01,385.667
2459,2020,Oct,CC100,1000002,Service Revenue,Revenue,10,1,2020-10-01,859.242
1759,2020,Apr,CC100,2000000,Cost of Good Sold,Expense,4,1,2020-04-01,490.085
1677,2020,Mar,CC200,1000000,Product Sales,Revenue,3,1,2020-03-01,956.909
484,2019,May,CC101,1000004,Fee Revenue,Revenue,5,1,2019-05-01,688.775
2487,2020,Oct,CC102,2000000,Cost of Good Sold,Expense,10,1,2020-10-01,534.701
1592,2020,Feb,CC202,2000002,Technology Expenses,Expense,2,1,2020-02-01,298.432
2710,2020,Dec,CC101,2000002,Technology Expenses,Expense,12,1,2020-12-01,423.421
2048,2020,Jun,CC201,2000003,Property Expenses,Expense,6,1,2020-06-01,697.046
3582,2021,Jul,CC202,2000003,Property Expenses,Expense,7,1,2021-07-01,380.88
3870,2021,Oct,CC100,3000000,Cash at Bank,Asset,10,1,2021-10-01,71.951
3483,2021,Jun,CC300,4000001,Accounts Payable,Liability,6,1,2021-06-01,-1020.0
3826,2021,Sep,CC300,2000000,Cost of Good Sold,Expense,9,1,2021-09-01,87.019
979,2019,Sep,CC200,2000000,Cost of Good Sold,Expense,9,1,2019-09-01,608.547
1159,2019,Oct,CC302,1000002,Service Revenue,Revenue,10,1,2019-10-01,209.338
690,2019,Jun,CC302,1000001,Licensing Revenue,Revenue,6,1,2019-06-01,487.248
2652,2020,Nov,CC300,1000000,Product Sales,Revenue,11,1,2020-11-01,1384.208
593,2019,Jun,CC100,2000005,Purchases,Expense,6,1,2019-06-01,353.059
1394,2019,Dec,CC302,1000004,Fee Revenue,Revenue,12,1,2019-12-01,1064.943
4029,2021,Nov,CC200,4000001,Accounts Payable,Liability,11,1,2021-11-01,-396.0
1798,2020,Apr,CC200,2000000,Cost of Good Sold,Expense,4,1,2020-04-01,806.188
1477,2020,Jan,CC202,2000005,Purchases,Expense,1,1,2020-01-01,328.735
2235,2020,Aug,CC100,4000001,Accounts Payable,Liability,8,1,2020-08-01,-198.0
2591,2020,Nov,CC101,2000000,Cost of Good Sold,Expense,11,1,2020-11-01,701.262
2567,2020,Oct,CC302,2000002,Technology Expenses,Expense,10,1,2020-10-01,103.534
899,2019,Aug,CC300,1000002,Service Revenue,Revenue,8,1,2019-08-01,1151.301
3371,2021,May,CC301,2000000,Cost of Good Sold,Expense,5,1,2021-05-01,629.255
481,2019,May,CC101,1000000,Product Sales,Revenue,5,1,2019-05-01,778.923
3475,2021,Jun,CC300,2000000,Cost of Good Sold,Expense,6,1,2021-06-01,82.862
140,2019,Feb,CC101,3000001,Inventory,Asset,2,1,2019-02-01,885.486
2095,2020,Jun,CC302,1000002,Service Revenue,Revenue,6,1,2020-06-01,312.937
2021,2020,Jun,CC102,2000002,Technology Expenses,Expense,6,1,2020-06-01,214.829
3941,2021,Oct,CC300,1000002,Service Revenue,Revenue,10,1,2021-10-01,763.26
2296,2020,Aug,CC202,2000005,Purchases,Expense,8,1,2020-08-01,473.433
3930,2021,Oct,CC202,2000000,Cost of Good Sold,Expense,10,1,2021-10-01,1130.267
1675,2020,Mar,CC102,3000002,Accounts Receivable,Asset,3,1,2020-03-01,378.437
2927,2021,Feb,CC100,1000002,Service Revenue,Revenue,2,1,2021-02-01,1102.987
2081,2020,Jun,CC301,1000001,Licensing Revenue,Revenue,6,1,2020-06-01,1144.004
3800,2021,Sep,CC201,2000000,Cost of Good Sold,Expense,9,1,2021-09-01,566.122
3786,2021,Sep,CC200,1000004,Fee Revenue,Revenue,9,1,2021-09-01,746.367
2720,2020,Dec,CC102,1000004,Fee Revenue,Revenue,12,1,2020-12-01,541.647
3702,2021,Aug,CC202,3000001,Inventory,Asset,8,1,2021-08-01,704.35
3012,2021,Feb,CC300,3000000,Cash at Bank,Asset,2,1,2021-02-01,154.565
1610,2020,Feb,CC300,3000002,Accounts Receivable,Asset,2,1,2020-02-01,436.957
3458,2021,Jun,CC202,1000000,Product Sales,Revenue,6,1,2021-06-01,831.383
544,2019,May,CC202,3000002,Accounts Receivable,Asset,5,1,2019-05-01,360.793
2460,2020,Oct,CC100,1000004,Fee Revenue,Revenue,10,1,2020-10-01,519.545
3758,2021,Sep,CC101,1000001,Licensing Revenue,Revenue,9,1,2021-09-01,146.961
1909,2020,May,CC102,3000002,Accounts Receivable,Asset,5,1,2020-05-01,1070.489
2736,2020,Dec,CC200,2000002,Technology Expenses,Expense,12,1,2020-12-01,254.687
1657,2020,Mar,CC101,2000002,Technology Expenses,Expense,3,1,2020-03-01,265.725
728,2019,Jul,CC102,1000000,Product Sales,Revenue,7,1,2019-07-01,698.148
2371,2020,Sep,CC102,2000001,Staff Expenses,Expense,9,1,2020-09-01,869.92
854,2019,Aug,CC102,3000000,Cash at Bank,Asset,8,1,2019-08-01,-514.497
3698,2021,Aug,CC202,2000002,Technology Expenses,Expense,8,1,2021-08-01,335.352
2534,2020,Oct,CC202,4000001,Accounts Payable,Liability,10,1,2020-10-01,806.0
784,2019,Jul,CC300,2000000,Cost of Good Sold,Expense,7,1,2019-07-01,238.249
1123,2019,Oct,CC202,2000001,Staff Expenses,Expense,10,1,2019-10-01,810.539
2142,2020,Jul,CC102,3000001,Inventory,Asset,7,1,2020-07-01,721.638
798,2019,Jul,CC301,2000001,Staff Expenses,Expense,7,1,2019-07-01,718.961
2975,2021,Feb,CC200,3000002,Accounts Receivable,Asset,2,1,2021-02-01,560.412
3038,2021,Feb,CC302,3000000,Cash at Bank,Asset,2,1,2021-02-01,-345.357
2059,2020,Jun,CC202,2000001,Staff Expenses,Expense,6,1,2020-06-01,587.286
2670,2020,Nov,CC301,2000001,Staff Expenses,Expense,11,1,2020-11-01,475.799
3755,2021,Sep,CC100,3000002,Accounts Receivable,Asset,9,1,2021-09-01,223.692
2931,2021,Feb,CC100,2000002,Technology Expenses,Expense,2,1,2021-02-01,429.059
2623,2020,Nov,CC200,3000001,Inventory,Asset,11,1,2020-11-01,478.96
1980,2020,May,CC302,2000000,Cost of Good Sold,Expense,5,1,2020-05-01,604.506
2531,2020,Oct,CC202,3000000,Cash at Bank,Asset,10,1,2020-10-01,-280.429
2553,2020,Oct,CC301,2000001,Staff Expenses,Expense,10,1,2020-10-01,877.477
313,2019,Mar,CC300,1000001,Licensing Revenue,Revenue,3,1,2019-03-01,449.937
2787,2020,Dec,CC301,2000001,Staff Expenses,Expense,12,1,2020-12-01,471.379
2058,2020,Jun,CC202,2000000,Cost of Good Sold,Expense,6,1,2020-06-01,555.955
181,2019,Feb,CC201,4000001,Accounts Payable,Liability,2,1,2019-02-01,-604.0
3715,2021,Aug,CC300,3000001,Inventory,Asset,8,1,2021-08-01,832.465
426,2019,Apr,CC202,3000001,Inventory,Asset,4,1,2019-04-01,853.971
1603,2020,Feb,CC300,2000000,Cost of Good Sold,Expense,2,1,2020-02-01,414.783
362,2019,Apr,CC100,3000002,Accounts Receivable,Asset,4,1,2019-04-01,486.081
2719,2020,Dec,CC102,1000002,Service Revenue,Revenue,12,1,2020-12-01,679.345
1537,2020,Feb,CC101,1000004,Fee Revenue,Revenue,2,1,2020-02-01,835.593
3016,2021,Feb,CC301,1000000,Product Sales,Revenue,2,1,2021-02-01,1750.693
1815,2020,Apr,CC201,2000005,Purchases,Expense,4,1,2020-04-01,300.144
44,2019,Jan,CC200,2000001,Staff Expenses,Expense,1,1,2019-01-01,777.393
3795,2021,Sep,CC200,4000001,Accounts Payable,Liability,9,1,2021-09-01,-592.0
3911,2021,Oct,CC200,3000002,Accounts Receivable,Asset,10,1,2021-10-01,579.588
1851,2020,Apr,CC301,2000001,Staff Expenses,Expense,4,1,2020-04-01,382.531
419,2019,Apr,CC202,1000004,Fee Revenue,Revenue,4,1,2019-04-01,675.841
1480,2020,Jan,CC202,3000002,Accounts Receivable,Asset,1,1,2020-01-01,325.08
3150,2021,Mar,CC302,2000000,Cost of Good Sold,Expense,3,1,2021-03-01,769.413
3084,2021,Mar,CC200,1000004,Fee Revenue,Revenue,3,1,2021-03-01,244.77
818,2019,Jul,CC302,4000001,Accounts Payable,Liability,7,1,2019-07-01,-592.0
3117,2021,Mar,CC202,3000001,Inventory,Asset,3,1,2021-03-01,917.786
541,2019,May,CC202,2000005,Purchases,Expense,5,1,2019-05-01,518.89
1374,2019,Dec,CC300,3000000,Cash at Bank,Asset,12,1,2019-12-01,-786.296
3359,2021,May,CC300,2000001,Staff Expenses,Expense,5,1,2021-05-01,554.173
2239,2020,Aug,CC101,1000004,Fee Revenue,Revenue,8,1,2020-08-01,719.822
3238,2021,Apr,CC300,1000001,Licensing Revenue,Revenue,4,1,2021-04-01,726.389
2992,2021,Feb,CC202,1000002,Service Revenue,Revenue,2,1,2021-02-01,629.636
3515,2021,Jul,CC100,2000001,Staff Expenses,Expense,7,1,2021-07-01,544.281
2614,2020,Nov,CC200,1000001,Licensing Revenue,Revenue,11,1,2020-11-01,589.844
1083,2019,Oct,CC102,2000000,Cost of Good Sold,Expense,10,1,2019-10-01,526.253
2707,2020,Dec,CC101,1000004,Fee Revenue,Revenue,12,1,2020-12-01,610.384
1927,2020,May,CC201,1000004,Fee Revenue,Revenue,5,1,2020-05-01,308.734
1277,2019,Nov,CC302,1000004,Fee Revenue,Revenue,11,1,2019-11-01,251.493
25,2019,Jan,CC101,4000001,Accounts Payable,Liability,1,1,2019-01-01,200.0
2793,2020,Dec,CC301,3000002,Accounts Receivable,Asset,12,1,2020-12-01,326.555
2240,2020,Aug,CC101,2000000,Cost of Good Sold,Expense,8,1,2020-08-01,269.925
2455,2020,Sep,CC302,3000002,Accounts Receivable,Asset,9,1,2020-09-01,274.953
3393,2021,Jun,CC100,1000000,Product Sales,Revenue,6,1,2021-06-01,383.8
668,2019,Jun,CC300,2000001,Staff Expenses,Expense,6,1,2019-06-01,662.536
925,2019,Aug,CC302,1000002,Service Revenue,Revenue,8,1,2019-08-01,559.015
2387,2020,Sep,CC200,2000005,Purchases,Expense,9,1,2020-09-01,652.54
510,2019,May,CC200,1000004,Fee Revenue,Revenue,5,1,2019-05-01,376.674
3320,2021,May,CC200,2000001,Staff Expenses,Expense,5,1,2021-05-01,528.445
1686,2020,Mar,CC200,3000000,Cash at Bank,Asset,3,1,2020-03-01,-69.383
808,2019,Jul,CC302,1000002,Service Revenue,Revenue,7,1,2019-07-01,236.012
87,2019,Jan,CC300,3000000,Cash at Bank,Asset,1,1,2019-01-01,-409.284
3446,2021,Jun,CC201,1000001,Licensing Revenue,Revenue,6,1,2021-06-01,928.663
2686,2020,Nov,CC302,2000005,Purchases,Expense,11,1,2020-11-01,336.621
2186,2020,Jul,CC300,1000002,Service Revenue,Revenue,7,1,2020-07-01,423.492
4153,2021,Dec,CC201,2000002,Technology Expenses,Expense,12,1,2021-12-01,489.082
2470,2020,Oct,CC101,1000000,Product Sales,Revenue,10,1,2020-10-01,647.321
2603,2020,Nov,CC102,1000004,Fee Revenue,Revenue,11,1,2020-11-01,509.497
2537,2020,Oct,CC300,1000002,Service Revenue,Revenue,10,1,2020-10-01,760.031
2230,2020,Aug,CC100,2000003,Property Expenses,Expense,8,1,2020-08-01,304.601
1167,2019,Oct,CC302,3000001,Inventory,Asset,10,1,2019-10-01,647.379
1238,2019,Nov,CC202,1000004,Fee Revenue,Revenue,11,1,2019-11-01,756.236
3604,2021,Jul,CC301,1000004,Fee Revenue,Revenue,7,1,2021-07-01,752.488
78,2019,Jan,CC300,1000000,Product Sales,Revenue,1,1,2019-01-01,233.953
3538,2021,Jul,CC102,1000002,Service Revenue,Revenue,7,1,2021-07-01,579.752
3665,2021,Aug,CC102,4000001,Accounts Payable,Liability,8,1,2021-08-01,-1018.0
448,2019,Apr,CC301,2000002,Technology Expenses,Expense,4,1,2019-04-01,286.602
3176,2021,Apr,CC101,2000000,Cost of Good Sold,Expense,4,1,2021-04-01,456.381
630,2019,Jun,CC200,2000002,Technology Expenses,Expense,6,1,2019-06-01,482.749
2291,2020,Aug,CC202,1000004,Fee Revenue,Revenue,8,1,2020-08-01,819.541
1177,2019,Nov,CC100,2000003,Property Expenses,Expense,11,1,2019-11-01,655.527
2209,2020,Jul,CC301,4000001,Accounts Payable,Liability,7,1,2020-07-01,402.0
763,2019,Jul,CC201,3000000,Cash at Bank,Asset,7,1,2019-07-01,362.712
2169,2020,Jul,CC201,3000002,Accounts Receivable,Asset,7,1,2020-07-01,568.747
822,2019,Aug,CC100,1000004,Fee Revenue,Revenue,8,1,2019-08-01,659.508
2361,2020,Sep,CC101,2000005,Purchases,Expense,9,1,2020-09-01,324.21
549,2019,May,CC300,1000004,Fee Revenue,Revenue,5,1,2019-05-01,272.353
154,2019,Feb,CC102,3000002,Accounts Receivable,Asset,2,1,2019-02-01,93.571
2,2019,Jan,CC100,1000002,Service Revenue,Revenue,1,1,2019-01-01,650.82
1232,2019,Nov,CC201,3000001,Inventory,Asset,11,1,2019-11-01,504.687
2869,2021,Jan,CC201,3000000,Cash at Bank,Asset,1,1,2021-01-01,-134.469
4120,2021,Dec,CC101,4000001,Accounts Payable,Liability,12,1,2021-12-01,-606.0
781,2019,Jul,CC300,1000001,Licensing Revenue,Revenue,7,1,2019-07-01,536.673
83,2019,Jan,CC300,2000001,Staff Expenses,Expense,1,1,2019-01-01,531.889
2325,2020,Aug,CC301,3000002,Accounts Receivable,Asset,8,1,2020-08-01,301.213
2831,2021,Jan,CC101,3000001,Inventory,Asset,1,1,2021-01-01,1020.0
1129,2019,Oct,CC202,3000002,Accounts Receivable,Asset,10,1,2019-10-01,13.614
2415,2020,Sep,CC202,3000001,Inventory,Asset,9,1,2020-09-01,621.881
949,2019,Sep,CC101,1000000,Product Sales,Revenue,9,1,2019-09-01,653.258
2050,2020,Jun,CC201,3000000,Cash at Bank,Asset,6,1,2020-06-01,-806.761
732,2019,Jul,CC102,2000000,Cost of Good Sold,Expense,7,1,2019-07-01,465.179
3313,2021,May,CC102,3000002,Accounts Receivable,Asset,5,1,2021-05-01,1070.489
1197,2019,Nov,CC102,1000001,Licensing Revenue,Revenue,11,1,2019-11-01,766.085
1020,2019,Sep,CC300,2000002,Technology Expenses,Expense,9,1,2019-09-01,203.084
2453,2020,Sep,CC302,3000000,Cash at Bank,Asset,9,1,2020-09-01,329.812
2338,2020,Aug,CC302,3000002,Accounts Receivable,Asset,8,1,2020-08-01,151.201
1111,2019,Oct,CC201,2000002,Technology Expenses,Expense,10,1,2019-10-01,388.538
2419,2020,Sep,CC300,1000001,Licensing Revenue,Revenue,9,1,2020-09-01,142.286
716,2019,Jul,CC101,1000001,Licensing Revenue,Revenue,7,1,2019-07-01,205.477
3160,2021,Apr,CC100,1000001,Licensing Revenue,Revenue,4,1,2021-04-01,460.21
2601,2020,Nov,CC102,1000001,Licensing Revenue,Revenue,11,1,2020-11-01,781.373
4122,2021,Dec,CC102,1000001,Licensing Revenue,Revenue,12,1,2021-12-01,574.787
2394,2020,Sep,CC201,1000002,Service Revenue,Revenue,9,1,2020-09-01,1700.234
29,2019,Jan,CC102,1000004,Fee Revenue,Revenue,1,1,2019-01-01,690.433
618,2019,Jun,CC102,2000003,Property Expenses,Expense,6,1,2019-06-01,280.781
548,2019,May,CC300,1000002,Service Revenue,Revenue,5,1,2019-05-01,643.536
3338,2021,May,CC201,3000001,Inventory,Asset,5,1,2021-05-01,827.104
1865,2020,Apr,CC302,2000002,Technology Expenses,Expense,4,1,2020-04-01,328.378
1891,2020,May,CC101,2000002,Technology Expenses,Expense,5,1,2020-05-01,160.694
1311,2019,Dec,CC101,3000002,Accounts Receivable,Asset,12,1,2019-12-01,302.262
3711,2021,Aug,CC300,2000002,Technology Expenses,Expense,8,1,2021-08-01,450.828
1286,2019,Nov,CC302,4000001,Accounts Payable,Liability,11,1,2019-11-01,-794.0
2330,2020,Aug,CC302,1000004,Fee Revenue,Revenue,8,1,2020-08-01,457.983
2856,2021,Jan,CC200,3000000,Cash at Bank,Asset,1,1,2021-01-01,418.937
3253,2021,Apr,CC301,1000004,Fee Revenue,Revenue,4,1,2021-04-01,771.943
1738,2020,Mar,CC301,3000000,Cash at Bank,Asset,3,1,2020-03-01,-410.427
1226,2019,Nov,CC201,2000000,Cost of Good Sold,Expense,11,1,2019-11-01,734.703
4000,2021,Nov,CC101,3000000,Cash at Bank,Asset,11,1,2021-11-01,587.969
42,2019,Jan,CC200,1000004,Fee Revenue,Revenue,1,1,2019-01-01,530.11
1721,2020,Mar,CC300,2000001,Staff Expenses,Expense,3,1,2020-03-01,630.122
961,2019,Sep,CC101,4000001,Accounts Payable,Liability,9,1,2019-09-01,590.0
3146,2021,Mar,CC302,1000000,Product Sales,Revenue,3,1,2021-03-01,957.826
809,2019,Jul,CC302,1000004,Fee Revenue,Revenue,7,1,2019-07-01,484.542
366,2019,Apr,CC101,1000002,Service Revenue,Revenue,4,1,2019-04-01,413.823
3649,2021,Aug,CC101,3000000,Cash at Bank,Asset,8,1,2021-08-01,504.474
587,2019,Jun,CC100,1000002,Service Revenue,Revenue,6,1,2019-06-01,895.373
3759,2021,Sep,CC101,1000002,Service Revenue,Revenue,9,1,2021-09-01,553.965
1986,2020,May,CC302,3000001,Inventory,Asset,5,1,2020-05-01,813.802
2466,2020,Oct,CC100,3000000,Cash at Bank,Asset,10,1,2020-10-01,283.965
260,2019,Mar,CC102,1000000,Product Sales,Revenue,3,1,2019-03-01,761.076
1361,2019,Dec,CC202,3000000,Cash at Bank,Asset,12,1,2019-12-01,378.096
871,2019,Aug,CC201,1000000,Product Sales,Revenue,8,1,2019-08-01,1163.754
1261,2019,Nov,CC301,1000000,Product Sales,Revenue,11,1,2019-11-01,1361.918
909,2019,Aug,CC300,4000001,Accounts Payable,Liability,8,1,2019-08-01,-388.0
351,2019,Apr,CC100,1000000,Product Sales,Revenue,4,1,2019-04-01,877.563
2915,2021,Jan,CC302,1000004,Fee Revenue,Revenue,1,1,2021-01-01,526.727
4139,2021,Dec,CC200,2000001,Staff Expenses,Expense,12,1,2021-12-01,208.676
1757,2020,Apr,CC100,1000002,Service Revenue,Revenue,4,1,2020-04-01,785.789
286,2019,Mar,CC201,1000000,Product Sales,Revenue,3,1,2019-03-01,688.364
235,2019,Mar,CC100,1000001,Licensing Revenue,Revenue,3,1,2019-03-01,576.036
1946,2020,May,CC202,3000000,Cash at Bank,Asset,5,1,2020-05-01,471.054
2442,2020,Sep,CC301,3000002,Accounts Receivable,Asset,9,1,2020-09-01,283.021
2942,2021,Feb,CC101,2000000,Cost of Good Sold,Expense,2,1,2021-02-01,1113.201
1,2019,Jan,CC100,1000001,Licensing Revenue,Revenue,1,1,2019-01-01,480.968
770,2019,Jul,CC202,1000004,Fee Revenue,Revenue,7,1,2019-07-01,370.221
3839,2021,Sep,CC301,2000000,Cost of Good Sold,Expense,9,1,2021-09-01,633.564
1405,2020,Jan,CC100,1000001,Licensing Revenue,Revenue,1,1,2020-01-01,481.45
3785,2021,Sep,CC200,1000002,Service Revenue,Revenue,9,1,2021-09-01,238.542
885,2019,Aug,CC202,1000001,Licensing Revenue,Revenue,8,1,2019-08-01,557.191
2329,2020,Aug,CC302,1000002,Service Revenue,Revenue,8,1,2020-08-01,504.144
1976,2020,May,CC302,1000000,Product Sales,Revenue,5,1,2020-05-01,902.458
3506,2021,Jun,CC302,3000000,Cash at Bank,Asset,6,1,2021-06-01,-630.427
1559,2020,Feb,CC102,4000001,Accounts Payable,Liability,2,1,2020-02-01,-604.0
3552,2021,Jul,CC200,1000004,Fee Revenue,Revenue,7,1,2021-07-01,655.983
1136,2019,Oct,CC300,2000001,Staff Expenses,Expense,10,1,2019-10-01,504.686
522,2019,May,CC201,1000002,Service Revenue,Revenue,5,1,2019-05-01,776.241
4088,2021,Nov,CC302,2000002,Technology Expenses,Expense,11,1,2021-11-01,164.396
786,2019,Jul,CC300,2000002,Technology Expenses,Expense,7,1,2019-07-01,204.774
3065,2021,Mar,CC101,3000001,Inventory,Asset,3,1,2021-03-01,891.187
2318,2020,Aug,CC301,2000000,Cost of Good Sold,Expense,8,1,2020-08-01,252.447
4067,2021,Nov,CC300,3000002,Accounts Receivable,Asset,11,1,2021-11-01,476.124
114,2019,Jan,CC302,3000001,Inventory,Asset,1,1,2019-01-01,980.0
1760,2020,Apr,CC100,2000001,Staff Expenses,Expense,4,1,2020-04-01,659.312
2794,2020,Dec,CC301,4000001,Accounts Payable,Liability,12,1,2020-12-01,-202.0
1045,2019,Sep,CC302,2000001,Staff Expenses,Expense,9,1,2019-09-01,411.114
2056,2020,Jun,CC202,1000002,Service Revenue,Revenue,6,1,2020-06-01,802.349
2641,2020,Nov,CC202,1000002,Service Revenue,Revenue,11,1,2020-11-01,796.874
347,2019,Mar,CC302,3000000,Cash at Bank,Asset,3,1,2019-03-01,-278.892
1558,2020,Feb,CC102,3000002,Accounts Receivable,Asset,2,1,2020-02-01,89.968
2790,2020,Dec,CC301,2000005,Purchases,Expense,12,1,2020-12-01,777.594
2714,2020,Dec,CC101,3000001,Inventory,Asset,12,1,2020-12-01,562.584
4151,2021,Dec,CC201,2000000,Cost of Good Sold,Expense,12,1,2021-12-01,775.096
3394,2021,Jun,CC100,1000001,Licensing Revenue,Revenue,6,1,2021-06-01,785.901
1416,2020,Jan,CC100,4000001,Accounts Payable,Liability,1,1,2020-01-01,796.0
1937,2020,May,CC202,1000000,Product Sales,Revenue,5,1,2020-05-01,731.119
4023,2021,Nov,CC200,2000002,Technology Expenses,Expense,11,1,2021-11-01,379.558
1655,2020,Mar,CC101,2000000,Cost of Good Sold,Expense,3,1,2020-03-01,802.028
1121,2019,Oct,CC202,1000004,Fee Revenue,Revenue,10,1,2019-10-01,589.72
2000,2020,Jun,CC100,3000002,Accounts Receivable,Asset,6,1,2020-06-01,462.622
2677,2020,Nov,CC301,4000001,Accounts Payable,Liability,11,1,2020-11-01,594.0
1176,2019,Nov,CC100,2000002,Technology Expenses,Expense,11,1,2019-11-01,375.556
305,2019,Mar,CC202,2000002,Technology Expenses,Expense,3,1,2019-03-01,339.997
1617,2020,Feb,CC301,2000001,Staff Expenses,Expense,2,1,2020-02-01,806.212
3476,2021,Jun,CC300,2000001,Staff Expenses,Expense,6,1,2021-06-01,756.732
4114,2021,Dec,CC101,2000002,Technology Expenses,Expense,12,1,2021-12-01,388.286
1831,2020,Apr,CC202,3000002,Accounts Receivable,Asset,4,1,2020-04-01,135.166
1438,2020,Jan,CC102,2000005,Purchases,Expense,1,1,2020-01-01,91.657
316,2019,Mar,CC300,2000000,Cost of Good Sold,Expense,3,1,2019-03-01,279.312
2322,2020,Aug,CC301,2000005,Purchases,Expense,8,1,2020-08-01,386.255
765,2019,Jul,CC201,3000002,Accounts Receivable,Asset,7,1,2019-07-01,599.288
1407,2020,Jan,CC100,1000004,Fee Revenue,Revenue,1,1,2020-01-01,223.719
1246,2019,Nov,CC202,3000002,Accounts Receivable,Asset,11,1,2019-11-01,266.156
1021,2019,Sep,CC300,2000003,Property Expenses,Expense,9,1,2019-09-01,43.1
3577,2021,Jul,CC202,1000002,Service Revenue,Revenue,7,1,2021-07-01,816.282
4179,2021,Dec,CC300,2000002,Technology Expenses,Expense,12,1,2021-12-01,402.455
1679,2020,Mar,CC200,1000002,Service Revenue,Revenue,3,1,2020-03-01,1224.269
2918,2021,Jan,CC302,2000002,Technology Expenses,Expense,1,1,2021-01-01,164.646
1377,2019,Dec,CC300,4000001,Accounts Payable,Liability,12,1,2019-12-01,-786.0
203,2019,Feb,CC300,2000005,Purchases,Expense,2,1,2019-02-01,313.398
644,2019,Jun,CC201,2000003,Property Expenses,Expense,6,1,2019-06-01,694.47
2697,2020,Dec,CC100,2000002,Technology Expenses,Expense,12,1,2020-12-01,461.763
2765,2020,Dec,CC202,3000000,Cash at Bank,Asset,12,1,2020-12-01,307.953
2042,2020,Jun,CC201,1000001,Licensing Revenue,Revenue,6,1,2020-06-01,868.041
4134,2021,Dec,CC200,1000000,Product Sales,Revenue,12,1,2021-12-01,1580.006
436,2019,Apr,CC300,2000003,Property Expenses,Expense,4,1,2019-04-01,503.816
323,2019,Mar,CC300,3000002,Accounts Receivable,Asset,3,1,2019-03-01,673.194
2320,2020,Aug,CC301,2000002,Technology Expenses,Expense,8,1,2020-08-01,401.792
1271,2019,Nov,CC301,3000001,Inventory,Asset,11,1,2019-11-01,469.919
1547,2020,Feb,CC102,1000000,Product Sales,Revenue,2,1,2020-02-01,300.871
1047,2019,Sep,CC302,2000003,Property Expenses,Expense,9,1,2019-09-01,380.44
2488,2020,Oct,CC102,2000001,Staff Expenses,Expense,10,1,2020-10-01,261.372
1847,2020,Apr,CC301,1000001,Licensing Revenue,Revenue,4,1,2020-04-01,518.636
3043,2021,Mar,CC100,1000001,Licensing Revenue,Revenue,3,1,2021-03-01,524.287
891,2019,Aug,CC202,2000003,Property Expenses,Expense,8,1,2019-08-01,499.224
2018,2020,Jun,CC102,1000004,Fee Revenue,Revenue,6,1,2020-06-01,236.993
1016,2019,Sep,CC300,1000002,Service Revenue,Revenue,9,1,2019-09-01,547.712
2114,2020,Jul,CC100,2000005,Purchases,Expense,7,1,2020-07-01,455.144
4147,2021,Dec,CC201,1000000,Product Sales,Revenue,12,1,2021-12-01,1250.305
3036,2021,Feb,CC302,2000003,Property Expenses,Expense,2,1,2021-02-01,396.143
3999,2021,Nov,CC101,2000005,Purchases,Expense,11,1,2021-11-01,704.155
2817,2021,Jan,CC100,3000000,Cash at Bank,Asset,1,1,2021-01-01,224.345
162,2019,Feb,CC200,2000002,Technology Expenses,Expense,2,1,2019-02-01,514.014
3951,2021,Oct,CC300,4000001,Accounts Payable,Liability,10,1,2021-10-01,-200.0
363,2019,Apr,CC100,4000001,Accounts Payable,Liability,4,1,2019-04-01,402.0
1289,2019,Dec,CC100,1000002,Service Revenue,Revenue,12,1,2019-12-01,974.388
3593,2021,Jul,CC300,2000001,Staff Expenses,Expense,7,1,2021-07-01,514.055
2102,2020,Jun,CC302,3000000,Cash at Bank,Asset,6,1,2020-06-01,-625.33
3768,2021,Sep,CC101,3000002,Accounts Receivable,Asset,9,1,2021-09-01,160.509
3340,2021,May,CC201,4000001,Accounts Payable,Liability,5,1,2021-05-01,-396.0
1662,2020,Mar,CC101,3000002,Accounts Receivable,Asset,3,1,2020-03-01,550.912
3953,2021,Oct,CC301,1000001,Licensing Revenue,Revenue,10,1,2021-10-01,308.818
2456,2020,Sep,CC302,4000001,Accounts Payable,Liability,9,1,2020-09-01,388.0
2745,2020,Dec,CC201,1000002,Service Revenue,Revenue,12,1,2020-12-01,993.322
3782,2021,Sep,CC102,4000001,Accounts Payable,Liability,9,1,2021-09-01,600.0
3737,2021,Aug,CC302,2000002,Technology Expenses,Expense,8,1,2021-08-01,262.911
232,2019,Feb,CC302,3000002,Accounts Receivable,Asset,2,1,2019-02-01,171.6
1608,2020,Feb,CC300,3000000,Cash at Bank,Asset,2,1,2020-02-01,239.463
1961,2020,May,CC300,3000002,Accounts Receivable,Asset,5,1,2020-05-01,280.509
3579,2021,Jul,CC202,2000000,Cost of Good Sold,Expense,7,1,2021-07-01,281.709
3636,2021,Aug,CC100,3000000,Cash at Bank,Asset,8,1,2021-08-01,42.135
1011,2019,Sep,CC202,3000001,Inventory,Asset,9,1,2019-09-01,610.394
2771,2020,Dec,CC300,1000002,Service Revenue,Revenue,12,1,2020-12-01,934.054
1086,2019,Oct,CC102,2000003,Property Expenses,Expense,10,1,2019-10-01,182.855
3138,2021,Mar,CC301,2000001,Staff Expenses,Expense,3,1,2021-03-01,586.969
3218,2021,Apr,CC201,2000003,Property Expenses,Expense,4,1,2021-04-01,379.504
356,2019,Apr,CC100,2000001,Staff Expenses,Expense,4,1,2019-04-01,605.392
832,2019,Aug,CC101,1000000,Product Sales,Revenue,8,1,2019-08-01,289.284
1834,2020,Apr,CC300,1000001,Licensing Revenue,Revenue,4,1,2020-04-01,722.696
3609,2021,Jul,CC301,2000005,Purchases,Expense,7,1,2021-07-01,423.253
868,2019,Aug,CC200,3000001,Inventory,Asset,8,1,2019-08-01,636.47
1699,2020,Mar,CC201,3000000,Cash at Bank,Asset,3,1,2020-03-01,-796.15
555,2019,May,CC300,3000000,Cash at Bank,Asset,5,1,2019-05-01,-551.223
2398,2020,Sep,CC201,2000002,Technology Expenses,Expense,9,1,2020-09-01,686.938
1422,2020,Jan,CC101,2000001,Staff Expenses,Expense,1,1,2020-01-01,594.495
3288,2021,May,CC100,4000001,Accounts Payable,Liability,5,1,2021-05-01,610.0
495,2019,May,CC102,1000001,Licensing Revenue,Revenue,5,1,2019-05-01,657.967
3629,2021,Aug,CC100,1000002,Service Revenue,Revenue,8,1,2021-08-01,892.032
4108,2021,Dec,CC101,1000000,Product Sales,Revenue,12,1,2021-12-01,629.833
2969,2021,Feb,CC200,2000001,Staff Expenses,Expense,2,1,2021-02-01,724.355
3195,2021,Apr,CC102,3000001,Inventory,Asset,4,1,2021-04-01,871.194
1577,2020,Feb,CC201,2000000,Cost of Good Sold,Expense,2,1,2020-02-01,1118.433
4010,2021,Nov,CC102,2000002,Technology Expenses,Expense,11,1,2021-11-01,400.181
596,2019,Jun,CC100,3000002,Accounts Receivable,Asset,6,1,2019-06-01,377.575
1640,2020,Mar,CC100,1000002,Service Revenue,Revenue,3,1,2020-03-01,761.764
3843,2021,Sep,CC301,2000005,Purchases,Expense,9,1,2021-09-01,541.632
2062,2020,Jun,CC202,2000005,Purchases,Expense,6,1,2020-06-01,475.187
2047,2020,Jun,CC201,2000002,Technology Expenses,Expense,6,1,2020-06-01,481.554
526,2019,May,CC201,2000002,Technology Expenses,Expense,5,1,2019-05-01,269.611
890,2019,Aug,CC202,2000002,Technology Expenses,Expense,8,1,2019-08-01,324.611
768,2019,Jul,CC202,1000001,Licensing Revenue,Revenue,7,1,2019-07-01,613.519
1204,2019,Nov,CC102,2000005,Purchases,Expense,11,1,2019-11-01,518.924
938,2019,Sep,CC100,1000002,Service Revenue,Revenue,9,1,2019-09-01,687.01
2655,2020,Nov,CC300,1000004,Fee Revenue,Revenue,11,1,2020-11-01,294.124
2140,2020,Jul,CC102,2000005,Purchases,Expense,7,1,2020-07-01,460.592
27,2019,Jan,CC102,1000001,Licensing Revenue,Revenue,1,1,2019-01-01,776.767
173,2019,Feb,CC201,2000000,Cost of Good Sold,Expense,2,1,2019-02-01,1075.246
3482,2021,Jun,CC300,3000002,Accounts Receivable,Asset,6,1,2021-06-01,357.634
636,2019,Jun,CC200,4000001,Accounts Payable,Liability,6,1,2019-06-01,-784.0
1772,2020,Apr,CC101,2000000,Cost of Good Sold,Expense,4,1,2020-04-01,422.993
1195,2019,Nov,CC101,4000001,Accounts Payable,Liability,11,1,2019-11-01,-404.0
3842,2021,Sep,CC301,2000003,Property Expenses,Expense,9,1,2021-09-01,424.008
1924,2020,May,CC201,1000000,Product Sales,Revenue,5,1,2020-05-01,343.694
2850,2021,Jan,CC200,1000004,Fee Revenue,Revenue,1,1,2021-01-01,482.019
4209,2021,Dec,CC302,3000001,Inventory,Asset,12,1,2021-12-01,537.478
2412,2020,Sep,CC202,2000003,Property Expenses,Expense,9,1,2020-09-01,475.298
1895,2020,May,CC101,3000001,Inventory,Asset,5,1,2020-05-01,743.661
3297,2021,May,CC101,2000005,Purchases,Expense,5,1,2021-05-01,468.15
3968,2021,Oct,CC302,1000004,Fee Revenue,Revenue,10,1,2021-10-01,295.361
4159,2021,Dec,CC201,4000001,Accounts Payable,Liability,12,1,2021-12-01,804.0
985,2019,Sep,CC200,3000001,Inventory,Asset,9,1,2019-09-01,594.71
1070,2019,Oct,CC101,2000000,Cost of Good Sold,Expense,10,1,2019-10-01,322.854
3273,2021,Apr,CC302,3000001,Inventory,Asset,4,1,2021-04-01,876.905
226,2019,Feb,CC302,2000001,Staff Expenses,Expense,2,1,2019-02-01,266.601
1028,2019,Sep,CC301,1000001,Licensing Revenue,Revenue,9,1,2019-09-01,139.417
1789,2020,Apr,CC102,2000005,Purchases,Expense,4,1,2020-04-01,654.468
859,2019,Aug,CC200,1000001,Licensing Revenue,Revenue,8,1,2019-08-01,146.348
156,2019,Feb,CC200,1000000,Product Sales,Revenue,2,1,2019-02-01,376.871
3220,2021,Apr,CC201,3000000,Cash at Bank,Asset,4,1,2021-04-01,-514.819
3392,2021,May,CC302,4000001,Accounts Payable,Liability,5,1,2021-05-01,-1012.0
3137,2021,Mar,CC301,2000000,Cost of Good Sold,Expense,3,1,2021-03-01,541.771
3885,2021,Oct,CC101,3000002,Accounts Receivable,Asset,10,1,2021-10-01,389.589
1270,2019,Nov,CC301,3000000,Cash at Bank,Asset,11,1,2019-11-01,679.92
1539,2020,Feb,CC101,2000001,Staff Expenses,Expense,2,1,2020-02-01,663.868
4074,2021,Nov,CC301,2000001,Staff Expenses,Expense,11,1,2021-11-01,605.664
256,2019,Mar,CC101,3000000,Cash at Bank,Asset,3,1,2019-03-01,543.876
196,2019,Feb,CC300,1000001,Licensing Revenue,Revenue,2,1,2019-02-01,483.433
3543,2021,Jul,CC102,2000003,Property Expenses,Expense,7,1,2021-07-01,293.4
3556,2021,Jul,CC200,2000003,Property Expenses,Expense,7,1,2021-07-01,644.921
4128,2021,Dec,CC102,2000003,Property Expenses,Expense,12,1,2021-12-01,407.222
1212,2019,Nov,CC200,1000004,Fee Revenue,Revenue,11,1,2019-11-01,645.859
2202,2020,Jul,CC301,2000001,Staff Expenses,Expense,7,1,2020-07-01,697.302
2343,2020,Sep,CC100,1000004,Fee Revenue,Revenue,9,1,2020-09-01,706.449
2190,2020,Jul,CC300,2000002,Technology Expenses,Expense,7,1,2020-07-01,194.147
47,2019,Jan,CC200,2000005,Purchases,Expense,1,1,2019-01-01,461.786
111,2019,Jan,CC302,2000003,Property Expenses,Expense,1,1,2019-01-01,259.099
1487,2020,Jan,CC300,2000001,Staff Expenses,Expense,1,1,2020-01-01,560.073
2848,2021,Jan,CC200,1000001,Licensing Revenue,Revenue,1,1,2021-01-01,616.135
729,2019,Jul,CC102,1000001,Licensing Revenue,Revenue,7,1,2019-07-01,935.543
2586,2020,Nov,CC100,4000001,Accounts Payable,Liability,11,1,2020-11-01,598.0
1874,2020,May,CC100,1000002,Service Revenue,Revenue,5,1,2020-05-01,870.707
2835,2021,Jan,CC102,1000001,Licensing Revenue,Revenue,1,1,2021-01-01,605.328
1337,2019,Dec,CC200,3000002,Accounts Receivable,Asset,12,1,2019-12-01,358.637
2800,2020,Dec,CC302,2000001,Staff Expenses,Expense,12,1,2020-12-01,703.485
3750,2021,Sep,CC100,2000002,Technology Expenses,Expense,9,1,2021-09-01,321.169
2196,2020,Jul,CC300,4000001,Accounts Payable,Liability,7,1,2020-07-01,-608.0
3327,2021,May,CC200,4000001,Accounts Payable,Liability,5,1,2021-05-01,1016.0
4132,2021,Dec,CC102,3000002,Accounts Receivable,Asset,12,1,2021-12-01,365.081
197,2019,Feb,CC300,1000002,Service Revenue,Revenue,2,1,2019-02-01,1172.09
2900,2021,Jan,CC301,1000001,Licensing Revenue,Revenue,1,1,2021-01-01,724.343
3615,2021,Jul,CC302,1000001,Licensing Revenue,Revenue,7,1,2021-07-01,405.158
689,2019,Jun,CC302,1000000,Product Sales,Revenue,6,1,2019-06-01,280.514
2669,2020,Nov,CC301,2000000,Cost of Good Sold,Expense,11,1,2020-11-01,957.415
3987,2021,Nov,CC100,3000000,Cash at Bank,Asset,11,1,2021-11-01,329.232
954,2019,Sep,CC101,2000001,Staff Expenses,Expense,9,1,2019-09-01,507.426
289,2019,Mar,CC201,1000004,Fee Revenue,Revenue,3,1,2019-03-01,448.448
2007,2020,Jun,CC101,2000001,Staff Expenses,Expense,6,1,2020-06-01,311.463
3210,2021,Apr,CC200,4000001,Accounts Payable,Liability,4,1,2021-04-01,608.0
443,2019,Apr,CC301,1000001,Licensing Revenue,Revenue,4,1,2019-04-01,477.711
2871,2021,Jan,CC201,3000002,Accounts Receivable,Asset,1,1,2021-01-01,832.599
1696,2020,Mar,CC201,2000002,Technology Expenses,Expense,3,1,2020-03-01,412.694
2245,2020,Aug,CC101,3000000,Cash at Bank,Asset,8,1,2020-08-01,502.788
2464,2020,Oct,CC100,2000003,Property Expenses,Expense,10,1,2020-10-01,445.819
3704,2021,Aug,CC202,4000001,Accounts Payable,Liability,8,1,2021-08-01,-816.0
3204,2021,Apr,CC200,2000002,Technology Expenses,Expense,4,1,2021-04-01,480.468
3219,2021,Apr,CC201,2000005,Purchases,Expense,4,1,2021-04-01,348.417
3352,2021,May,CC202,3000002,Accounts Receivable,Asset,5,1,2021-05-01,320.248
2939,2021,Feb,CC101,1000001,Licensing Revenue,Revenue,2,1,2021-02-01,741.54
1443,2020,Jan,CC200,1000000,Product Sales,Revenue,1,1,2020-01-01,994.945
4080,2021,Nov,CC301,3000002,Accounts Receivable,Asset,11,1,2021-11-01,410.843
3345,2021,May,CC202,2000000,Cost of Good Sold,Expense,5,1,2021-05-01,547.642
3792,2021,Sep,CC200,3000000,Cash at Bank,Asset,9,1,2021-09-01,-206.299
2046,2020,Jun,CC201,2000001,Staff Expenses,Expense,6,1,2020-06-01,755.991
1517,2020,Jan,CC302,3000000,Cash at Bank,Asset,1,1,2020-01-01,-221.283
2256,2020,Aug,CC102,2000003,Property Expenses,Expense,8,1,2020-08-01,301.568
3005,2021,Feb,CC300,1000002,Service Revenue,Revenue,2,1,2021-02-01,1078.851
3674,2021,Aug,CC200,2000005,Purchases,Expense,8,1,2021-08-01,705.073
2728,2020,Dec,CC102,3000002,Accounts Receivable,Asset,12,1,2020-12-01,396.575
1939,2020,May,CC202,1000002,Service Revenue,Revenue,5,1,2020-05-01,1000.218
14,2019,Jan,CC101,1000001,Licensing Revenue,Revenue,1,1,2019-01-01,459.764
1222,2019,Nov,CC201,1000000,Product Sales,Revenue,11,1,2019-11-01,1507.825
1419,2020,Jan,CC101,1000002,Service Revenue,Revenue,1,1,2020-01-01,917.957
454,2019,Apr,CC301,4000001,Accounts Payable,Liability,4,1,2019-04-01,-592.0
3799,2021,Sep,CC201,1000004,Fee Revenue,Revenue,9,1,2021-09-01,567.46
3028,2021,Feb,CC301,4000001,Accounts Payable,Liability,2,1,2021-02-01,-404.0
168,2019,Feb,CC200,4000001,Accounts Payable,Liability,2,1,2019-02-01,790.0
819,2019,Aug,CC100,1000000,Product Sales,Revenue,8,1,2019-08-01,287.508
2780,2020,Dec,CC300,3000002,Accounts Receivable,Asset,12,1,2020-12-01,650.864
506,2019,May,CC102,4000001,Accounts Payable,Liability,5,1,2019-05-01,608.0
2928,2021,Feb,CC100,1000004,Fee Revenue,Revenue,2,1,2021-02-01,603.877
188,2019,Feb,CC202,2000002,Technology Expenses,Expense,2,1,2019-02-01,319.905
11,2019,Jan,CC100,3000002,Accounts Receivable,Asset,1,1,2019-01-01,385.275
3814,2021,Sep,CC202,2000001,Staff Expenses,Expense,9,1,2021-09-01,584.699
2229,2020,Aug,CC100,2000002,Technology Expenses,Expense,8,1,2020-08-01,409.199
613,2019,Jun,CC102,1000002,Service Revenue,Revenue,6,1,2019-06-01,436.834
2400,2020,Sep,CC201,2000005,Purchases,Expense,9,1,2020-09-01,317.837
2232,2020,Aug,CC100,3000000,Cash at Bank,Asset,8,1,2020-08-01,-108.618
1635,2020,Feb,CC302,3000001,Inventory,Asset,2,1,2020-02-01,949.967
2650,2020,Nov,CC202,3000002,Accounts Receivable,Asset,11,1,2020-11-01,296.323
1709,2020,Mar,CC202,2000002,Technology Expenses,Expense,3,1,2020-03-01,384.793
2554,2020,Oct,CC301,2000002,Technology Expenses,Expense,10,1,2020-10-01,670.462
4158,2021,Dec,CC201,3000002,Accounts Receivable,Asset,12,1,2021-12-01,474.79
3087,2021,Mar,CC200,2000002,Technology Expenses,Expense,3,1,2021-03-01,550.651
422,2019,Apr,CC202,2000002,Technology Expenses,Expense,4,1,2019-04-01,414.685
1997,2020,Jun,CC100,2000005,Purchases,Expense,6,1,2020-06-01,314.312
463,2019,Apr,CC302,2000005,Purchases,Expense,4,1,2019-04-01,248.188
1403,2019,Dec,CC302,4000001,Accounts Payable,Liability,12,1,2019-12-01,-986.0
2221,2020,Jul,CC302,3000002,Accounts Receivable,Asset,7,1,2020-07-01,171.316
3048,2021,Mar,CC100,2000002,Technology Expenses,Expense,3,1,2021-03-01,386.423
1959,2020,May,CC300,3000000,Cash at Bank,Asset,5,1,2020-05-01,-205.991
2162,2020,Jul,CC201,2000000,Cost of Good Sold,Expense,7,1,2020-07-01,91.227
905,2019,Aug,CC300,2000005,Purchases,Expense,8,1,2019-08-01,399.234
3290,2021,May,CC101,1000001,Licensing Revenue,Revenue,5,1,2021-05-01,600.856
2270,2020,Aug,CC200,2000005,Purchases,Expense,8,1,2020-08-01,792.678
2228,2020,Aug,CC100,2000001,Staff Expenses,Expense,8,1,2020-08-01,530.241
3042,2021,Mar,CC100,1000000,Product Sales,Revenue,3,1,2021-03-01,838.16
2906,2021,Jan,CC301,2000003,Property Expenses,Expense,1,1,2021-01-01,571.587
2685,2020,Nov,CC302,2000003,Property Expenses,Expense,11,1,2020-11-01,255.37
3479,2021,Jun,CC300,2000005,Purchases,Expense,6,1,2021-06-01,91.401
3024,2021,Feb,CC301,2000005,Purchases,Expense,2,1,2021-02-01,891.184
3230,2021,Apr,CC202,2000002,Technology Expenses,Expense,4,1,2021-04-01,410.379
1922,2020,May,CC200,3000002,Accounts Receivable,Asset,5,1,2020-05-01,621.284
3418,2021,Jun,CC101,4000001,Accounts Payable,Liability,6,1,2021-06-01,-1016.0
1687,2020,Mar,CC200,3000001,Inventory,Asset,3,1,2020-03-01,911.13
3255,2021,Apr,CC301,2000001,Staff Expenses,Expense,4,1,2021-04-01,715.734
374,2019,Apr,CC101,3000001,Inventory,Asset,4,1,2019-04-01,808.834
2282,2020,Aug,CC201,2000003,Property Expenses,Expense,8,1,2020-08-01,652.088
3979,2021,Nov,CC100,1000001,Licensing Revenue,Revenue,11,1,2021-11-01,500.218
2901,2021,Jan,CC301,1000002,Service Revenue,Revenue,1,1,2021-01-01,1240.998
1913,2020,May,CC200,1000002,Service Revenue,Revenue,5,1,2020-05-01,816.572
4041,2021,Nov,CC201,3000002,Accounts Receivable,Asset,11,1,2021-11-01,717.238
4142,2021,Dec,CC200,2000005,Purchases,Expense,12,1,2021-12-01,758.269
3007,2021,Feb,CC300,2000000,Cost of Good Sold,Expense,2,1,2021-02-01,330.417
85,2019,Jan,CC300,2000003,Property Expenses,Expense,1,1,2019-01-01,256.358
381,2019,Apr,CC102,2000000,Cost of Good Sold,Expense,4,1,2019-04-01,567.541
3484,2021,Jun,CC301,1000000,Product Sales,Revenue,6,1,2021-06-01,728.372
3175,2021,Apr,CC101,1000004,Fee Revenue,Revenue,4,1,2021-04-01,365.785
1218,2019,Nov,CC200,3000000,Cash at Bank,Asset,11,1,2019-11-01,57.188
1866,2020,Apr,CC302,2000003,Property Expenses,Expense,4,1,2020-04-01,417.258
1064,2019,Oct,CC100,3000002,Accounts Receivable,Asset,10,1,2019-10-01,408.003
2468,2020,Oct,CC100,3000002,Accounts Receivable,Asset,10,1,2020-10-01,458.007
1076,2019,Oct,CC101,3000001,Inventory,Asset,10,1,2019-10-01,614.31
2148,2020,Jul,CC200,1000004,Fee Revenue,Revenue,7,1,2020-07-01,565.02
135,2019,Feb,CC101,2000001,Staff Expenses,Expense,2,1,2019-02-01,713.597
3560,2021,Jul,CC200,3000002,Accounts Receivable,Asset,7,1,2021-07-01,691.841
4037,2021,Nov,CC201,2000003,Property Expenses,Expense,11,1,2021-11-01,334.124
2193,2020,Jul,CC300,3000000,Cash at Bank,Asset,7,1,2020-07-01,-143.811
883,2019,Aug,CC201,4000001,Accounts Payable,Liability,8,1,2019-08-01,398.0
730,2019,Jul,CC102,1000002,Service Revenue,Revenue,7,1,2019-07-01,667.177
892,2019,Aug,CC202,2000005,Purchases,Expense,8,1,2019-08-01,499.992
4201,2021,Dec,CC302,1000002,Service Revenue,Revenue,12,1,2021-12-01,961.226
2806,2020,Dec,CC302,3000002,Accounts Receivable,Asset,12,1,2020-12-01,1198.846
545,2019,May,CC202,4000001,Accounts Payable,Liability,5,1,2019-05-01,402.0
1494,2020,Jan,CC300,4000001,Accounts Payable,Liability,1,1,2020-01-01,-402.0
2734,2020,Dec,CC200,2000000,Cost of Good Sold,Expense,12,1,2020-12-01,537.536
2532,2020,Oct,CC202,3000001,Inventory,Asset,10,1,2020-10-01,553.409
646,2019,Jun,CC201,3000000,Cash at Bank,Asset,6,1,2019-06-01,-798.393
410,2019,Apr,CC201,2000003,Property Expenses,Expense,4,1,2019-04-01,448.206
3669,2021,Aug,CC200,1000004,Fee Revenue,Revenue,8,1,2021-08-01,931.82
1474,2020,Jan,CC202,2000001,Staff Expenses,Expense,1,1,2020-01-01,220.933
3881,2021,Oct,CC101,2000003,Property Expenses,Expense,10,1,2021-10-01,570.994
2333,2020,Aug,CC302,2000002,Technology Expenses,Expense,8,1,2020-08-01,236.519
3275,2021,Apr,CC302,4000001,Accounts Payable,Liability,4,1,2021-04-01,-814.0
1648,2020,Mar,CC100,3000001,Inventory,Asset,3,1,2020-03-01,889.796
77,2019,Jan,CC202,4000001,Accounts Payable,Liability,1,1,2019-01-01,-588.0
2851,2021,Jan,CC200,2000000,Cost of Good Sold,Expense,1,1,2021-01-01,767.925
3420,2021,Jun,CC102,1000001,Licensing Revenue,Revenue,6,1,2021-06-01,1107.484
1348,2019,Dec,CC201,3000000,Cash at Bank,Asset,12,1,2019-12-01,15.164
703,2019,Jul,CC100,1000001,Licensing Revenue,Revenue,7,1,2019-07-01,264.495
2676,2020,Nov,CC301,3000002,Accounts Receivable,Asset,11,1,2020-11-01,411.632
3554,2021,Jul,CC200,2000001,Staff Expenses,Expense,7,1,2021-07-01,612.879
2167,2020,Jul,CC201,3000000,Cash at Bank,Asset,7,1,2020-07-01,446.633
805,2019,Jul,CC301,4000001,Accounts Payable,Liability,7,1,2019-07-01,392.0
2716,2020,Dec,CC101,4000001,Accounts Payable,Liability,12,1,2020-12-01,-798.0
3141,2021,Mar,CC301,2000005,Purchases,Expense,3,1,2021-03-01,494.322
836,2019,Aug,CC101,2000000,Cost of Good Sold,Expense,8,1,2019-08-01,345.132
3591,2021,Jul,CC300,1000004,Fee Revenue,Revenue,7,1,2021-07-01,17.165
984,2019,Sep,CC200,3000000,Cash at Bank,Asset,9,1,2019-09-01,-114.252
124,2019,Feb,CC100,2000003,Property Expenses,Expense,2,1,2019-02-01,413.083
2341,2020,Sep,CC100,1000001,Licensing Revenue,Revenue,9,1,2020-09-01,220.996
3507,2021,Jun,CC302,3000001,Inventory,Asset,6,1,2021-06-01,814.424
298,2019,Mar,CC201,4000001,Accounts Payable,Liability,3,1,2019-03-01,-202.0
1330,2019,Dec,CC200,2000000,Cost of Good Sold,Expense,12,1,2019-12-01,529.65
782,2019,Jul,CC300,1000002,Service Revenue,Revenue,7,1,2019-07-01,383.972
1515,2020,Jan,CC302,2000003,Property Expenses,Expense,1,1,2020-01-01,247.37
1410,2020,Jan,CC100,2000002,Technology Expenses,Expense,1,1,2020-01-01,387.77
444,2019,Apr,CC301,1000002,Service Revenue,Revenue,4,1,2019-04-01,918.024
1290,2019,Dec,CC100,1000004,Fee Revenue,Revenue,12,1,2019-12-01,431.811
2884,2021,Jan,CC202,3000002,Accounts Receivable,Asset,1,1,2021-01-01,315.155
2949,2021,Feb,CC101,3000002,Accounts Receivable,Asset,2,1,2021-02-01,221.401
3374,2021,May,CC301,2000003,Property Expenses,Expense,5,1,2021-05-01,557.381
698,2019,Jun,CC302,3000000,Cash at Bank,Asset,6,1,2019-06-01,-620.451
395,2019,Apr,CC200,2000001,Staff Expenses,Expense,4,1,2019-04-01,703.858
1745,2020,Mar,CC302,1000004,Fee Revenue,Revenue,3,1,2020-03-01,175.502
4040,2021,Nov,CC201,3000001,Inventory,Asset,11,1,2021-11-01,491.642
4121,2021,Dec,CC102,1000000,Product Sales,Revenue,12,1,2021-12-01,1076.596
28,2019,Jan,CC102,1000002,Service Revenue,Revenue,1,1,2019-01-01,872.102
1221,2019,Nov,CC200,4000001,Accounts Payable,Liability,11,1,2019-11-01,-406.0
1423,2020,Jan,CC101,2000002,Technology Expenses,Expense,1,1,2020-01-01,409.045
499,2019,May,CC102,2000001,Staff Expenses,Expense,5,1,2019-05-01,667.832
2109,2020,Jul,CC100,1000004,Fee Revenue,Revenue,7,1,2020-07-01,556.091
2115,2020,Jul,CC100,3000000,Cash at Bank,Asset,7,1,2020-07-01,726.491
3611,2021,Jul,CC301,3000001,Inventory,Asset,7,1,2021-07-01,656.222
1328,2019,Dec,CC200,1000002,Service Revenue,Revenue,12,1,2019-12-01,372.951
3282,2021,May,CC100,2000002,Technology Expenses,Expense,5,1,2021-05-01,447.381
1192,2019,Nov,CC101,3000000,Cash at Bank,Asset,11,1,2019-11-01,345.388
3740,2021,Aug,CC302,3000000,Cash at Bank,Asset,8,1,2021-08-01,-771.376
2074,2020,Jun,CC300,2000003,Property Expenses,Expense,6,1,2020-06-01,339.19
4150,2021,Dec,CC201,1000004,Fee Revenue,Revenue,12,1,2021-12-01,71.652
1366,2019,Dec,CC300,1000001,Licensing Revenue,Revenue,12,1,2019-12-01,1141.143
1784,2020,Apr,CC102,1000004,Fee Revenue,Revenue,4,1,2020-04-01,341.09
2805,2020,Dec,CC302,3000001,Inventory,Asset,12,1,2020-12-01,535.525
3820,2021,Sep,CC202,3000002,Accounts Receivable,Asset,9,1,2021-09-01,224.608
858,2019,Aug,CC200,1000000,Product Sales,Revenue,8,1,2019-08-01,1056.703
3196,2021,Apr,CC102,3000002,Accounts Receivable,Asset,4,1,2021-04-01,368.863
1629,2020,Feb,CC302,2000000,Cost of Good Sold,Expense,2,1,2020-02-01,464.484
1492,2020,Jan,CC300,3000001,Inventory,Asset,1,1,2020-01-01,1002.0
3194,2021,Apr,CC102,3000000,Cash at Bank,Asset,4,1,2021-04-01,-214.306
2364,2020,Sep,CC101,3000002,Accounts Receivable,Asset,9,1,2020-09-01,159.945
3023,2021,Feb,CC301,2000003,Property Expenses,Expense,2,1,2021-02-01,573.686
2706,2020,Dec,CC101,1000002,Service Revenue,Revenue,12,1,2020-12-01,892.153
2405,2020,Sep,CC202,1000000,Product Sales,Revenue,9,1,2020-09-01,1176.977
4001,2021,Nov,CC101,3000001,Inventory,Asset,11,1,2021-11-01,543.123
2843,2021,Jan,CC102,3000000,Cash at Bank,Asset,1,1,2021-01-01,-319.533
170,2019,Feb,CC201,1000001,Licensing Revenue,Revenue,2,1,2019-02-01,543.764
2923,2021,Jan,CC302,3000002,Accounts Receivable,Asset,1,1,2021-01-01,300.072
2741,2020,Dec,CC200,3000002,Accounts Receivable,Asset,12,1,2020-12-01,348.073
3848,2021,Sep,CC302,1000000,Product Sales,Revenue,9,1,2021-09-01,871.171
482,2019,May,CC101,1000001,Licensing Revenue,Revenue,5,1,2019-05-01,494.834
3233,2021,Apr,CC202,3000000,Cash at Bank,Asset,4,1,2021-04-01,-797.369
2098,2020,Jun,CC302,2000001,Staff Expenses,Expense,6,1,2020-06-01,155.522
1870,2020,Apr,CC302,3000002,Accounts Receivable,Asset,4,1,2020-04-01,556.551
622,2019,Jun,CC102,3000002,Accounts Receivable,Asset,6,1,2019-06-01,557.816
2775,2020,Dec,CC300,2000002,Technology Expenses,Expense,12,1,2020-12-01,383.167
1528,2020,Feb,CC100,2000003,Property Expenses,Expense,2,1,2020-02-01,374.807
539,2019,May,CC202,2000002,Technology Expenses,Expense,5,1,2019-05-01,430.227
3791,2021,Sep,CC200,2000005,Purchases,Expense,9,1,2021-09-01,627.889
1144,2019,Oct,CC301,1000000,Product Sales,Revenue,10,1,2019-10-01,745.563
2718,2020,Dec,CC102,1000001,Licensing Revenue,Revenue,12,1,2020-12-01,566.326
2896,2021,Jan,CC300,3000001,Inventory,Asset,1,1,2021-01-01,1020.0
1521,2020,Feb,CC100,1000000,Product Sales,Revenue,2,1,2020-02-01,864.484
338,2019,Mar,CC302,1000000,Product Sales,Revenue,3,1,2019-03-01,1004.56
2283,2020,Aug,CC201,2000005,Purchases,Expense,8,1,2020-08-01,711.677
1225,2019,Nov,CC201,1000004,Fee Revenue,Revenue,11,1,2019-11-01,530.527
32,2019,Jan,CC102,2000002,Technology Expenses,Expense,1,1,2019-01-01,450.893
3339,2021,May,CC201,3000002,Accounts Receivable,Asset,5,1,2021-05-01,401.628
3348,2021,May,CC202,2000003,Property Expenses,Expense,5,1,2021-05-01,671.209
1746,2020,Mar,CC302,2000000,Cost of Good Sold,Expense,3,1,2020-03-01,767.085
2698,2020,Dec,CC100,2000003,Property Expenses,Expense,12,1,2020-12-01,506.066
754,2019,Jul,CC201,1000000,Product Sales,Revenue,7,1,2019-07-01,597.418
3173,2021,Apr,CC101,1000001,Licensing Revenue,Revenue,4,1,2021-04-01,327.959
59,2019,Jan,CC201,2000003,Property Expenses,Expense,1,1,2019-01-01,625.571
2462,2020,Oct,CC100,2000001,Staff Expenses,Expense,10,1,2020-10-01,558.443
148,2019,Feb,CC102,2000001,Staff Expenses,Expense,2,1,2019-02-01,242.198
1131,2019,Oct,CC300,1000000,Product Sales,Revenue,10,1,2019-10-01,731.747
2815,2021,Jan,CC100,2000003,Property Expenses,Expense,1,1,2021-01-01,495.664
1678,2020,Mar,CC200,1000001,Licensing Revenue,Revenue,3,1,2020-03-01,231.308
2753,2020,Dec,CC201,3000001,Inventory,Asset,12,1,2020-12-01,442.194
1461,2020,Jan,CC201,2000001,Staff Expenses,Expense,1,1,2020-01-01,947.0
4072,2021,Nov,CC301,1000004,Fee Revenue,Revenue,11,1,2021-11-01,760.051
3341,2021,May,CC202,1000000,Product Sales,Revenue,5,1,2021-05-01,733.325
1962,2020,May,CC300,4000001,Accounts Payable,Liability,5,1,2020-05-01,-808.0
3832,2021,Sep,CC300,3000001,Inventory,Asset,9,1,2021-09-01,828.501
1150,2019,Oct,CC301,2000002,Technology Expenses,Expense,10,1,2019-10-01,625.119
1776,2020,Apr,CC101,2000005,Purchases,Expense,4,1,2020-04-01,338.65
3764,2021,Sep,CC101,2000003,Property Expenses,Expense,9,1,2021-09-01,341.052
3231,2021,Apr,CC202,2000003,Property Expenses,Expense,4,1,2021-04-01,414.133
4077,2021,Nov,CC301,2000005,Purchases,Expense,11,1,2021-11-01,826.154
1670,2020,Mar,CC102,2000002,Technology Expenses,Expense,3,1,2020-03-01,309.817
2268,2020,Aug,CC200,2000002,Technology Expenses,Expense,8,1,2020-08-01,351.307
2160,2020,Jul,CC201,1000002,Service Revenue,Revenue,7,1,2020-07-01,1222.35
2332,2020,Aug,CC302,2000001,Staff Expenses,Expense,8,1,2020-08-01,271.308
851,2019,Aug,CC102,2000002,Technology Expenses,Expense,8,1,2019-08-01,220.288
1059,2019,Oct,CC100,2000002,Technology Expenses,Expense,10,1,2019-10-01,361.569
2012,2020,Jun,CC101,3000001,Inventory,Asset,6,1,2020-06-01,729.322
3477,2021,Jun,CC300,2000002,Technology Expenses,Expense,6,1,2021-06-01,393.389
330,2019,Mar,CC301,2000001,Staff Expenses,Expense,3,1,2019-03-01,372.718
1595,2020,Feb,CC202,3000000,Cash at Bank,Asset,2,1,2020-02-01,-585.864
3184,2021,Apr,CC101,4000001,Accounts Payable,Liability,4,1,2021-04-01,-608.0
3976,2021,Oct,CC302,3000002,Accounts Receivable,Asset,10,1,2021-10-01,175.705
2606,2020,Nov,CC102,2000002,Technology Expenses,Expense,11,1,2020-11-01,370.803
4123,2021,Dec,CC102,1000002,Service Revenue,Revenue,12,1,2021-12-01,680.851
2572,2020,Oct,CC302,3000002,Accounts Receivable,Asset,10,1,2020-10-01,161.749
3810,2021,Sep,CC202,1000001,Licensing Revenue,Revenue,9,1,2021-09-01,173.562
249,2019,Mar,CC101,1000002,Service Revenue,Revenue,3,1,2019-03-01,710.066
827,2019,Aug,CC100,2000005,Purchases,Expense,8,1,2019-08-01,270.59
2577,2020,Nov,CC100,1000004,Fee Revenue,Revenue,11,1,2020-11-01,348.606
1806,2020,Apr,CC200,4000001,Accounts Payable,Liability,4,1,2020-04-01,596.0
308,2019,Mar,CC202,3000000,Cash at Bank,Asset,3,1,2019-03-01,-480.746
1466,2020,Jan,CC201,3000001,Inventory,Asset,1,1,2020-01-01,1002.0
37,2019,Jan,CC102,3000002,Accounts Receivable,Asset,1,1,2019-01-01,158.931
1435,2020,Jan,CC102,2000001,Staff Expenses,Expense,1,1,2020-01-01,493.674
2288,2020,Aug,CC202,1000000,Product Sales,Revenue,8,1,2020-08-01,844.253
3094,2021,Mar,CC201,1000000,Product Sales,Revenue,3,1,2021-03-01,642.344
320,2019,Mar,CC300,2000005,Purchases,Expense,3,1,2019-03-01,243.346
579,2019,May,CC302,2000003,Property Expenses,Expense,5,1,2019-05-01,602.538
576,2019,May,CC302,2000000,Cost of Good Sold,Expense,5,1,2019-05-01,603.086
4206,2021,Dec,CC302,2000003,Property Expenses,Expense,12,1,2021-12-01,540.06
2266,2020,Aug,CC200,2000000,Cost of Good Sold,Expense,8,1,2020-08-01,835.066
1429,2020,Jan,CC101,4000001,Accounts Payable,Liability,1,1,2020-01-01,6.0
702,2019,Jul,CC100,1000000,Product Sales,Revenue,7,1,2019-07-01,624.105
785,2019,Jul,CC300,2000001,Staff Expenses,Expense,7,1,2019-07-01,366.482
737,2019,Jul,CC102,3000000,Cash at Bank,Asset,7,1,2019-07-01,166.54
358,2019,Apr,CC100,2000003,Property Expenses,Expense,4,1,2019-04-01,470.804
2306,2020,Aug,CC300,2000001,Staff Expenses,Expense,8,1,2020-08-01,679.191
4203,2021,Dec,CC302,2000000,Cost of Good Sold,Expense,12,1,2021-12-01,680.683
1081,2019,Oct,CC102,1000002,Service Revenue,Revenue,10,1,2019-10-01,585.976
3926,2021,Oct,CC202,1000000,Product Sales,Revenue,10,1,2021-10-01,1624.846
720,2019,Jul,CC101,2000001,Staff Expenses,Expense,7,1,2019-07-01,545.524
1712,2020,Mar,CC202,3000000,Cash at Bank,Asset,3,1,2020-03-01,-461.356
507,2019,May,CC200,1000000,Product Sales,Revenue,5,1,2019-05-01,839.684
3489,2021,Jun,CC301,2000001,Staff Expenses,Expense,6,1,2021-06-01,747.01
2386,2020,Sep,CC200,2000003,Property Expenses,Expense,9,1,2020-09-01,473.436
2198,2020,Jul,CC301,1000001,Licensing Revenue,Revenue,7,1,2020-07-01,459.161
3112,2021,Mar,CC202,2000001,Staff Expenses,Expense,3,1,2021-03-01,469.642
1155,2019,Oct,CC301,3000002,Accounts Receivable,Asset,10,1,2019-10-01,547.623
1591,2020,Feb,CC202,2000001,Staff Expenses,Expense,2,1,2020-02-01,491.945
2157,2020,Jul,CC200,4000001,Accounts Payable,Liability,7,1,2020-07-01,1004.0
1370,2019,Dec,CC300,2000001,Staff Expenses,Expense,12,1,2019-12-01,583.538
3682,2021,Aug,CC201,1000004,Fee Revenue,Revenue,8,1,2021-08-01,821.415
3597,2021,Jul,CC300,3000000,Cash at Bank,Asset,7,1,2021-07-01,194.85
3536,2021,Jul,CC102,1000000,Product Sales,Revenue,7,1,2021-07-01,749.744
4049,2021,Nov,CC202,2000002,Technology Expenses,Expense,11,1,2021-11-01,429.193
3718,2021,Aug,CC301,1000000,Product Sales,Revenue,8,1,2021-08-01,548.44
2257,2020,Aug,CC102,2000005,Purchases,Expense,8,1,2020-08-01,290.319
709,2019,Jul,CC100,2000003,Property Expenses,Expense,7,1,2019-07-01,557.132
1557,2020,Feb,CC102,3000001,Inventory,Asset,2,1,2020-02-01,952.626
2356,2020,Sep,CC101,1000004,Fee Revenue,Revenue,9,1,2020-09-01,356.19
2372,2020,Sep,CC102,2000002,Technology Expenses,Expense,9,1,2020-09-01,637.847
3135,2021,Mar,CC301,1000002,Service Revenue,Revenue,3,1,2021-03-01,700.092
1126,2019,Oct,CC202,2000005,Purchases,Expense,10,1,2019-10-01,1043.406
3631,2021,Aug,CC100,2000000,Cost of Good Sold,Expense,8,1,2021-08-01,340.68
224,2019,Feb,CC302,1000004,Fee Revenue,Revenue,2,1,2019-02-01,942.876
19,2019,Jan,CC101,2000002,Technology Expenses,Expense,1,1,2019-01-01,306.435
0,2019,Jan,CC100,1000000,Product Sales,Revenue,1,1,2019-01-01,1344.051
3956,2021,Oct,CC301,2000000,Cost of Good Sold,Expense,10,1,2021-10-01,466.157
1241,2019,Nov,CC202,2000002,Technology Expenses,Expense,11,1,2019-11-01,370.616
2978,2021,Feb,CC201,1000001,Licensing Revenue,Revenue,2,1,2021-02-01,558.132
3372,2021,May,CC301,2000001,Staff Expenses,Expense,5,1,2021-05-01,896.169
3904,2021,Oct,CC200,2000000,Cost of Good Sold,Expense,10,1,2021-10-01,847.604
414,2019,Apr,CC201,3000002,Accounts Receivable,Asset,4,1,2019-04-01,658.04
73,2019,Jan,CC202,2000005,Purchases,Expense,1,1,2019-01-01,205.299
3909,2021,Oct,CC200,3000000,Cash at Bank,Asset,10,1,2021-10-01,320.94
4051,2021,Nov,CC202,2000005,Purchases,Expense,11,1,2021-11-01,815.568
1188,2019,Nov,CC101,2000001,Staff Expenses,Expense,11,1,2019-11-01,615.664
228,2019,Feb,CC302,2000003,Property Expenses,Expense,2,1,2019-02-01,394.539
546,2019,May,CC300,1000000,Product Sales,Revenue,5,1,2019-05-01,296.925
2647,2020,Nov,CC202,2000005,Purchases,Expense,11,1,2020-11-01,876.519
2019,2020,Jun,CC102,2000000,Cost of Good Sold,Expense,6,1,2020-06-01,580.181
3121,2021,Mar,CC300,1000001,Licensing Revenue,Revenue,3,1,2021-03-01,469.219
1308,2019,Dec,CC101,2000005,Purchases,Expense,12,1,2019-12-01,377.866
234,2019,Mar,CC100,1000000,Product Sales,Revenue,3,1,2019-03-01,865.559
3252,2021,Apr,CC301,1000002,Service Revenue,Revenue,4,1,2021-04-01,926.593
3228,2021,Apr,CC202,2000000,Cost of Good Sold,Expense,4,1,2021-04-01,457.9
2236,2020,Aug,CC101,1000000,Product Sales,Revenue,8,1,2020-08-01,310.656
1623,2020,Feb,CC301,3000002,Accounts Receivable,Asset,2,1,2020-02-01,630.66
1954,2020,May,CC300,2000000,Cost of Good Sold,Expense,5,1,2020-05-01,131.518
2349,2020,Sep,CC100,3000000,Cash at Bank,Asset,9,1,2020-09-01,-555.59
2803,2020,Dec,CC302,2000005,Purchases,Expense,12,1,2020-12-01,677.198
1758,2020,Apr,CC100,1000004,Fee Revenue,Revenue,4,1,2020-04-01,536.412
3274,2021,Apr,CC302,3000002,Accounts Receivable,Asset,4,1,2021-04-01,522.124
667,2019,Jun,CC300,2000000,Cost of Good Sold,Expense,6,1,2019-06-01,125.851
2894,2021,Jan,CC300,2000005,Purchases,Expense,1,1,2021-01-01,89.046
982,2019,Sep,CC200,2000003,Property Expenses,Expense,9,1,2019-09-01,349.425
1775,2020,Apr,CC101,2000003,Property Expenses,Expense,4,1,2020-04-01,295.347
2847,2021,Jan,CC200,1000000,Product Sales,Revenue,1,1,2021-01-01,937.94
2040,2020,Jun,CC200,4000001,Accounts Payable,Liability,6,1,2020-06-01,-800.0
1400,2019,Dec,CC302,3000000,Cash at Bank,Asset,12,1,2019-12-01,-328.415
3652,2021,Aug,CC101,4000001,Accounts Payable,Liability,8,1,2021-08-01,194.0
3813,2021,Sep,CC202,2000000,Cost of Good Sold,Expense,9,1,2021-09-01,721.135
1597,2020,Feb,CC202,3000002,Accounts Receivable,Asset,2,1,2020-02-01,170.319
2955,2021,Feb,CC102,2000000,Cost of Good Sold,Expense,2,1,2021-02-01,314.539
1814,2020,Apr,CC201,2000003,Property Expenses,Expense,4,1,2020-04-01,351.11
1433,2020,Jan,CC102,1000004,Fee Revenue,Revenue,1,1,2020-01-01,754.327
2968,2021,Feb,CC200,2000000,Cost of Good Sold,Expense,2,1,2021-02-01,395.563
1420,2020,Jan,CC101,1000004,Fee Revenue,Revenue,1,1,2020-01-01,757.69
3509,2021,Jun,CC302,4000001,Accounts Payable,Liability,6,1,2021-06-01,-1020.0
2524,2020,Oct,CC202,1000002,Service Revenue,Revenue,10,1,2020-10-01,1170.94
912,2019,Aug,CC301,1000002,Service Revenue,Revenue,8,1,2019-08-01,905.501
1175,2019,Nov,CC100,2000001,Staff Expenses,Expense,11,1,2019-11-01,425.815
322,2019,Mar,CC300,3000001,Inventory,Asset,3,1,2019-03-01,886.021
3688,2021,Aug,CC201,3000000,Cash at Bank,Asset,8,1,2021-08-01,140.282
1408,2020,Jan,CC100,2000000,Cost of Good Sold,Expense,1,1,2020-01-01,1030.519
1596,2020,Feb,CC202,3000001,Inventory,Asset,2,1,2020-02-01,929.99
2134,2020,Jul,CC102,1000002,Service Revenue,Revenue,7,1,2020-07-01,680.586
1142,2019,Oct,CC300,3000002,Accounts Receivable,Asset,10,1,2019-10-01,567.131
2632,2020,Nov,CC201,2000002,Technology Expenses,Expense,11,1,2020-11-01,335.053
4045,2021,Nov,CC202,1000002,Service Revenue,Revenue,11,1,2021-11-01,839.379
1511,2020,Jan,CC302,1000004,Fee Revenue,Revenue,1,1,2020-01-01,522.55
4046,2021,Nov,CC202,1000004,Fee Revenue,Revenue,11,1,2021-11-01,796.201
3818,2021,Sep,CC202,3000000,Cash at Bank,Asset,9,1,2021-09-01,125.438
2762,2020,Dec,CC202,2000002,Technology Expenses,Expense,12,1,2020-12-01,382.62
4081,2021,Nov,CC301,4000001,Accounts Payable,Liability,11,1,2021-11-01,198.0
3998,2021,Nov,CC101,2000003,Property Expenses,Expense,11,1,2021-11-01,727.25
1543,2020,Feb,CC101,3000000,Cash at Bank,Asset,2,1,2020-02-01,-89.691
1825,2020,Apr,CC202,2000001,Staff Expenses,Expense,4,1,2020-04-01,581.466
3752,2021,Sep,CC100,2000005,Purchases,Expense,9,1,2021-09-01,562.717
3236,2021,Apr,CC202,4000001,Accounts Payable,Liability,4,1,2021-04-01,-612.0
2347,2020,Sep,CC100,2000003,Property Expenses,Expense,9,1,2020-09-01,367.17
2208,2020,Jul,CC301,3000002,Accounts Receivable,Asset,7,1,2020-07-01,773.866
1143,2019,Oct,CC300,4000001,Accounts Payable,Liability,10,1,2019-10-01,-204.0
1035,2019,Sep,CC301,2000005,Purchases,Expense,9,1,2019-09-01,545.627
13,2019,Jan,CC101,1000000,Product Sales,Revenue,1,1,2019-01-01,1296.06
4035,2021,Nov,CC201,2000001,Staff Expenses,Expense,11,1,2021-11-01,398.174
1164,2019,Oct,CC302,2000003,Property Expenses,Expense,10,1,2019-10-01,40.732
123,2019,Feb,CC100,2000002,Technology Expenses,Expense,2,1,2019-02-01,367.326
2137,2020,Jul,CC102,2000001,Staff Expenses,Expense,7,1,2020-07-01,227.999
3860,2021,Sep,CC302,4000001,Accounts Payable,Liability,9,1,2021-09-01,392.0
227,2019,Feb,CC302,2000002,Technology Expenses,Expense,2,1,2019-02-01,179.011
835,2019,Aug,CC101,1000004,Fee Revenue,Revenue,8,1,2019-08-01,608.559
2682,2020,Nov,CC302,2000000,Cost of Good Sold,Expense,11,1,2020-11-01,448.005
2179,2020,Jul,CC202,2000005,Purchases,Expense,7,1,2020-07-01,270.323
4011,2021,Nov,CC102,2000003,Property Expenses,Expense,11,1,2021-11-01,425.333
2548,2020,Oct,CC301,1000000,Product Sales,Revenue,10,1,2020-10-01,1018.287
355,2019,Apr,CC100,2000000,Cost of Good Sold,Expense,4,1,2019-04-01,503.11
3635,2021,Aug,CC100,2000005,Purchases,Expense,8,1,2021-08-01,375.915
1873,2020,May,CC100,1000001,Licensing Revenue,Revenue,5,1,2020-05-01,587.984
1468,2020,Jan,CC201,4000001,Accounts Payable,Liability,1,1,2020-01-01,604.0
4119,2021,Dec,CC101,3000002,Accounts Receivable,Asset,12,1,2021-12-01,347.333
2425,2020,Sep,CC300,2000003,Property Expenses,Expense,9,1,2020-09-01,41.283
1804,2020,Apr,CC200,3000001,Inventory,Asset,4,1,2020-04-01,884.238
873,2019,Aug,CC201,1000002,Service Revenue,Revenue,8,1,2019-08-01,1292.91
2844,2021,Jan,CC102,3000001,Inventory,Asset,1,1,2021-01-01,1020.0
1921,2020,May,CC200,3000001,Inventory,Asset,5,1,2020-05-01,820.739
4207,2021,Dec,CC302,2000005,Purchases,Expense,12,1,2021-12-01,698.121
1918,2020,May,CC200,2000003,Property Expenses,Expense,5,1,2020-05-01,354.113
2852,2021,Jan,CC200,2000001,Staff Expenses,Expense,1,1,2021-01-01,696.423
2215,2020,Jul,CC302,2000001,Staff Expenses,Expense,7,1,2020-07-01,39.721
4054,2021,Nov,CC202,3000002,Accounts Receivable,Asset,11,1,2021-11-01,315.969
2703,2020,Dec,CC100,4000001,Accounts Payable,Liability,12,1,2020-12-01,1000.0
1457,2020,Jan,CC201,1000001,Licensing Revenue,Revenue,1,1,2020-01-01,638.418
2689,2020,Nov,CC302,3000002,Accounts Receivable,Asset,11,1,2020-11-01,172.604
1447,2020,Jan,CC200,2000000,Cost of Good Sold,Expense,1,1,2020-01-01,624.513
1236,2019,Nov,CC202,1000001,Licensing Revenue,Revenue,11,1,2019-11-01,611.682
2068,2020,Jun,CC300,1000001,Licensing Revenue,Revenue,6,1,2020-06-01,783.446
3763,2021,Sep,CC101,2000002,Technology Expenses,Expense,9,1,2021-09-01,287.544
263,2019,Mar,CC102,1000004,Fee Revenue,Revenue,3,1,2019-03-01,547.563
405,2019,Apr,CC201,1000002,Service Revenue,Revenue,4,1,2019-04-01,863.994
641,2019,Jun,CC201,2000000,Cost of Good Sold,Expense,6,1,2019-06-01,769.707
3213,2021,Apr,CC201,1000002,Service Revenue,Revenue,4,1,2021-04-01,663.408
195,2019,Feb,CC300,1000000,Product Sales,Revenue,2,1,2019-02-01,487.509
3142,2021,Mar,CC301,3000000,Cash at Bank,Asset,3,1,2021-03-01,-493.17
2404,2020,Sep,CC201,4000001,Accounts Payable,Liability,9,1,2020-09-01,602.0
3559,2021,Jul,CC200,3000001,Inventory,Asset,7,1,2021-07-01,779.331
2898,2021,Jan,CC300,4000001,Accounts Payable,Liability,1,1,2021-01-01,-408.0
3004,2021,Feb,CC300,1000001,Licensing Revenue,Revenue,2,1,2021-02-01,551.594
775,2019,Jul,CC202,2000005,Purchases,Expense,7,1,2019-07-01,274.351
1842,2020,Apr,CC300,3000000,Cash at Bank,Asset,4,1,2020-04-01,-571.173
3413,2021,Jun,CC101,2000003,Property Expenses,Expense,6,1,2021-06-01,228.841
2892,2021,Jan,CC300,2000002,Technology Expenses,Expense,1,1,2021-01-01,221.366
706,2019,Jul,CC100,2000000,Cost of Good Sold,Expense,7,1,2019-07-01,480.38
2784,2020,Dec,CC301,1000002,Service Revenue,Revenue,12,1,2020-12-01,603.587
478,2019,May,CC100,3000001,Inventory,Asset,5,1,2019-05-01,814.894
1654,2020,Mar,CC101,1000004,Fee Revenue,Revenue,3,1,2020-03-01,753.621
4065,2021,Nov,CC300,3000000,Cash at Bank,Asset,11,1,2021-11-01,115.235
3660,2021,Aug,CC102,2000003,Property Expenses,Expense,8,1,2021-08-01,348.157
1848,2020,Apr,CC301,1000002,Service Revenue,Revenue,4,1,2020-04-01,920.986
691,2019,Jun,CC302,1000002,Service Revenue,Revenue,6,1,2019-06-01,372.718
919,2019,Aug,CC301,3000000,Cash at Bank,Asset,8,1,2019-08-01,412.83
674,2019,Jun,CC300,3000002,Accounts Receivable,Asset,6,1,2019-06-01,314.774
1835,2020,Apr,CC300,1000002,Service Revenue,Revenue,4,1,2020-04-01,1047.057
312,2019,Mar,CC300,1000000,Product Sales,Revenue,3,1,2019-03-01,403.234
950,2019,Sep,CC101,1000001,Licensing Revenue,Revenue,9,1,2019-09-01,129.78
4033,2021,Nov,CC201,1000004,Fee Revenue,Revenue,11,1,2021-11-01,578.017
2561,2020,Oct,CC302,1000000,Product Sales,Revenue,10,1,2020-10-01,236.937
3568,2021,Jul,CC201,2000002,Technology Expenses,Expense,7,1,2021-07-01,521.006
752,2019,Jul,CC200,3000002,Accounts Receivable,Asset,7,1,2019-07-01,633.454
3516,2021,Jul,CC100,2000002,Technology Expenses,Expense,7,1,2021-07-01,253.487
3882,2021,Oct,CC101,2000005,Purchases,Expense,10,1,2021-10-01,206.629
543,2019,May,CC202,3000001,Inventory,Asset,5,1,2019-05-01,816.996
1209,2019,Nov,CC200,1000000,Product Sales,Revenue,11,1,2019-11-01,675.176
2511,2020,Oct,CC201,1000002,Service Revenue,Revenue,10,1,2020-10-01,985.573
3454,2021,Jun,CC201,3000000,Cash at Bank,Asset,6,1,2021-06-01,-813.285
3662,2021,Aug,CC102,3000000,Cash at Bank,Asset,8,1,2021-08-01,-531.57
4044,2021,Nov,CC202,1000001,Licensing Revenue,Revenue,11,1,2021-11-01,665.37
797,2019,Jul,CC301,2000000,Cost of Good Sold,Expense,7,1,2019-07-01,490.3
3890,2021,Oct,CC102,1000004,Fee Revenue,Revenue,10,1,2021-10-01,539.612
3616,2021,Jul,CC302,1000002,Service Revenue,Revenue,7,1,2021-07-01,268.63
273,2019,Mar,CC200,1000000,Product Sales,Revenue,3,1,2019-03-01,954.495
3936,2021,Oct,CC202,3000001,Inventory,Asset,10,1,2021-10-01,576.984
220,2019,Feb,CC301,4000001,Accounts Payable,Liability,2,1,2019-02-01,-2.0
823,2019,Aug,CC100,2000000,Cost of Good Sold,Expense,8,1,2019-08-01,266.389
3304,2021,May,CC102,1000002,Service Revenue,Revenue,5,1,2021-05-01,1133.04
252,2019,Mar,CC101,2000001,Staff Expenses,Expense,3,1,2019-03-01,395.469
2721,2020,Dec,CC102,2000000,Cost of Good Sold,Expense,12,1,2020-12-01,647.924
270,2019,Mar,CC102,3000001,Inventory,Asset,3,1,2019-03-01,925.972
3353,2021,May,CC202,4000001,Accounts Payable,Liability,5,1,2021-05-01,396.0
4208,2021,Dec,CC302,3000000,Cash at Bank,Asset,12,1,2021-12-01,-282.056
864,2019,Aug,CC200,2000002,Technology Expenses,Expense,8,1,2019-08-01,312.956
3646,2021,Aug,CC101,2000002,Technology Expenses,Expense,8,1,2021-08-01,348.768
3919,2021,Oct,CC201,2000002,Technology Expenses,Expense,10,1,2021-10-01,411.178
2618,2020,Nov,CC200,2000001,Staff Expenses,Expense,11,1,2020-11-01,306.869
1926,2020,May,CC201,1000002,Service Revenue,Revenue,5,1,2020-05-01,721.61
240,2019,Mar,CC100,2000002,Technology Expenses,Expense,3,1,2019-03-01,349.169
1594,2020,Feb,CC202,2000005,Purchases,Expense,2,1,2020-02-01,524.05
4116,2021,Dec,CC101,2000005,Purchases,Expense,12,1,2021-12-01,419.381
2305,2020,Aug,CC300,2000000,Cost of Good Sold,Expense,8,1,2020-08-01,443.961
1564,2020,Feb,CC200,2000000,Cost of Good Sold,Expense,2,1,2020-02-01,435.468
2008,2020,Jun,CC101,2000002,Technology Expenses,Expense,6,1,2020-06-01,284.106
4013,2021,Nov,CC102,3000000,Cash at Bank,Asset,11,1,2021-11-01,58.113
2005,2020,Jun,CC101,1000004,Fee Revenue,Revenue,6,1,2020-06-01,376.33
1818,2020,Apr,CC201,3000002,Accounts Receivable,Asset,4,1,2020-04-01,658.329
1084,2019,Oct,CC102,2000001,Staff Expenses,Expense,10,1,2019-10-01,336.407
1158,2019,Oct,CC302,1000001,Licensing Revenue,Revenue,10,1,2019-10-01,14.731
756,2019,Jul,CC201,1000002,Service Revenue,Revenue,7,1,2019-07-01,1264.517
2673,2020,Nov,CC301,2000005,Purchases,Expense,11,1,2020-11-01,792.93
4019,2021,Nov,CC200,1000002,Service Revenue,Revenue,11,1,2021-11-01,583.791
3788,2021,Sep,CC200,2000001,Staff Expenses,Expense,9,1,2021-09-01,333.889
4036,2021,Nov,CC201,2000002,Technology Expenses,Expense,11,1,2021-11-01,369.903
455,2019,Apr,CC302,1000000,Product Sales,Revenue,4,1,2019-04-01,163.273
739,2019,Jul,CC102,3000002,Accounts Receivable,Asset,7,1,2019-07-01,811.41
789,2019,Jul,CC300,3000000,Cash at Bank,Asset,7,1,2019-07-01,-335.23
877,2019,Aug,CC201,2000002,Technology Expenses,Expense,8,1,2019-08-01,566.751
3405,2021,Jun,CC100,4000001,Accounts Payable,Liability,6,1,2021-06-01,-1018.0
1983,2020,May,CC302,2000003,Property Expenses,Expense,5,1,2020-05-01,606.799
1778,2020,Apr,CC101,3000001,Inventory,Asset,4,1,2020-04-01,828.399
2180,2020,Jul,CC202,3000000,Cash at Bank,Asset,7,1,2020-07-01,-537.375
1773,2020,Apr,CC101,2000001,Staff Expenses,Expense,4,1,2020-04-01,428.54
3970,2021,Oct,CC302,2000001,Staff Expenses,Expense,10,1,2021-10-01,53.044
98,2019,Jan,CC301,2000003,Property Expenses,Expense,1,1,2019-01-01,600.081
1824,2020,Apr,CC202,2000000,Cost of Good Sold,Expense,4,1,2020-04-01,299.798
2112,2020,Jul,CC100,2000002,Technology Expenses,Expense,7,1,2020-07-01,255.595
2598,2020,Nov,CC101,3000002,Accounts Receivable,Asset,11,1,2020-11-01,62.638
2267,2020,Aug,CC200,2000001,Staff Expenses,Expense,8,1,2020-08-01,277.819
2278,2020,Aug,CC201,1000004,Fee Revenue,Revenue,8,1,2020-08-01,785.889
3830,2021,Sep,CC300,2000005,Purchases,Expense,9,1,2021-09-01,54.454
518,2019,May,CC200,3000002,Accounts Receivable,Asset,5,1,2019-05-01,690.476
66,2019,Jan,CC202,1000001,Licensing Revenue,Revenue,1,1,2019-01-01,573.845
2355,2020,Sep,CC101,1000002,Service Revenue,Revenue,9,1,2020-09-01,543.494
2064,2020,Jun,CC202,3000001,Inventory,Asset,6,1,2020-06-01,780.884
2571,2020,Oct,CC302,3000001,Inventory,Asset,10,1,2020-10-01,651.366
3610,2021,Jul,CC301,3000000,Cash at Bank,Asset,7,1,2021-07-01,436.802
151,2019,Feb,CC102,2000005,Purchases,Expense,2,1,2019-02-01,341.427
1102,2019,Oct,CC200,3000001,Inventory,Asset,10,1,2019-10-01,497.868
1101,2019,Oct,CC200,3000000,Cash at Bank,Asset,10,1,2019-10-01,420.015
1574,2020,Feb,CC201,1000001,Licensing Revenue,Revenue,2,1,2020-02-01,597.616
2276,2020,Aug,CC201,1000001,Licensing Revenue,Revenue,8,1,2020-08-01,322.047
3225,2021,Apr,CC202,1000001,Licensing Revenue,Revenue,4,1,2021-04-01,588.698
2690,2020,Nov,CC302,4000001,Accounts Payable,Liability,11,1,2020-11-01,-1010.0
529,2019,May,CC201,3000000,Cash at Bank,Asset,5,1,2019-05-01,-315.248
1880,2020,May,CC100,2000005,Purchases,Expense,5,1,2020-05-01,210.422
1303,2019,Dec,CC101,1000004,Fee Revenue,Revenue,12,1,2019-12-01,497.782
1556,2020,Feb,CC102,3000000,Cash at Bank,Asset,2,1,2020-02-01,-60.172
2759,2020,Dec,CC202,1000004,Fee Revenue,Revenue,12,1,2020-12-01,817.721
1940,2020,May,CC202,1000004,Fee Revenue,Revenue,5,1,2020-05-01,858.426
190,2019,Feb,CC202,2000005,Purchases,Expense,2,1,2019-02-01,569.352
2518,2020,Oct,CC201,3000000,Cash at Bank,Asset,10,1,2020-10-01,-499.513
1199,2019,Nov,CC102,1000004,Fee Revenue,Revenue,11,1,2019-11-01,491.57
4125,2021,Dec,CC102,2000000,Cost of Good Sold,Expense,12,1,2021-12-01,667.849
406,2019,Apr,CC201,1000004,Fee Revenue,Revenue,4,1,2019-04-01,775.785
3478,2021,Jun,CC300,2000003,Property Expenses,Expense,6,1,2021-06-01,339.19
3461,2021,Jun,CC202,1000004,Fee Revenue,Revenue,6,1,2021-06-01,532.499
774,2019,Jul,CC202,2000003,Property Expenses,Expense,7,1,2019-07-01,582.625
2880,2021,Jan,CC202,2000003,Property Expenses,Expense,1,1,2021-01-01,229.846
1191,2019,Nov,CC101,2000005,Purchases,Expense,11,1,2019-11-01,714.555
688,2019,Jun,CC301,4000001,Accounts Payable,Liability,6,1,2019-06-01,-784.0
2868,2021,Jan,CC201,2000005,Purchases,Expense,1,1,2021-01-01,952.779
1074,2019,Oct,CC101,2000005,Purchases,Expense,10,1,2019-10-01,229.368
3595,2021,Jul,CC300,2000003,Property Expenses,Expense,7,1,2021-07-01,205.015
1889,2020,May,CC101,2000000,Cost of Good Sold,Expense,5,1,2020-05-01,616.144
3962,2021,Oct,CC301,3000001,Inventory,Asset,10,1,2021-10-01,556.936
283,2019,Mar,CC200,3000001,Inventory,Asset,3,1,2019-03-01,895.647
2596,2020,Nov,CC101,3000000,Cash at Bank,Asset,11,1,2020-11-01,579.178
1796,2020,Apr,CC200,1000002,Service Revenue,Revenue,4,1,2020-04-01,1037.223
1862,2020,Apr,CC302,1000004,Fee Revenue,Revenue,4,1,2020-04-01,1061.815
2126,2020,Jul,CC101,2000003,Property Expenses,Expense,7,1,2020-07-01,511.618
4199,2021,Dec,CC302,1000000,Product Sales,Revenue,12,1,2021-12-01,1227.251
2111,2020,Jul,CC100,2000001,Staff Expenses,Expense,7,1,2020-07-01,403.416
2234,2020,Aug,CC100,3000002,Accounts Receivable,Asset,8,1,2020-08-01,578.719
3973,2021,Oct,CC302,2000005,Purchases,Expense,10,1,2021-10-01,14.791
563,2019,May,CC301,2000000,Cost of Good Sold,Expense,5,1,2019-05-01,644.726
2549,2020,Oct,CC301,1000001,Licensing Revenue,Revenue,10,1,2020-10-01,247.523
433,2019,Apr,CC300,2000000,Cost of Good Sold,Expense,4,1,2019-04-01,298.77
3630,2021,Aug,CC100,1000004,Fee Revenue,Revenue,8,1,2021-08-01,758.319
3021,2021,Feb,CC301,2000001,Staff Expenses,Expense,2,1,2021-02-01,852.011
551,2019,May,CC300,2000001,Staff Expenses,Expense,5,1,2019-05-01,371.48
1808,2020,Apr,CC201,1000001,Licensing Revenue,Revenue,4,1,2020-04-01,407.525
3569,2021,Jul,CC201,2000003,Property Expenses,Expense,7,1,2021-07-01,551.703
1396,2019,Dec,CC302,2000001,Staff Expenses,Expense,12,1,2019-12-01,758.984
1509,2020,Jan,CC302,1000001,Licensing Revenue,Revenue,1,1,2020-01-01,681.996
377,2019,Apr,CC102,1000000,Product Sales,Revenue,4,1,2019-04-01,997.204
3867,2021,Oct,CC100,2000002,Technology Expenses,Expense,10,1,2021-10-01,339.857
2573,2020,Oct,CC302,4000001,Accounts Payable,Liability,10,1,2020-10-01,-608.0
4100,2021,Dec,CC100,2000001,Staff Expenses,Expense,12,1,2021-12-01,621.02
4168,2021,Dec,CC202,2000005,Purchases,Expense,12,1,2021-12-01,1144.154
